event_id,event_date,year,in_sequence,label_sub_event_type,label_escalated,fatalities,avg_tone,tone_positive_score,tone_negative_score,tone_polarity,tone_activity_density,tone_self_group_density,tone_word_count,goldstein_trend,quad_class_ratio,volume_mention_spike,volume_right_censored,had_gkg_match,had_events_match,matching_method_version
USA4870,2020-05-30,2020,False,Violent demonstration,1,0,0.6033466401237402,2.93064877702467,2.3273021369009284,5.2579509139256,23.347583776352472,0.5015643215009823,487.5,0.5225369458128079,0.584958217270195,4,False,True,True,v4_bigquery_plus_rawfile
USA5723,2020-05-31,2020,False,Violent demonstration,1,0,1.20495369853844,2.85060805533861,1.64565435680018,4.49626241213879,20.1662389824835,0.373758786120719,16508.0,0.15999788776487806,0.5252651278852152,1,False,True,True,v4_bigquery_plus_rawfile
USA8169,2020-06-06,2020,True,Violent demonstration,1,0,-1.230532930323251,2.6028052239717296,3.8333381542949807,6.43614337826671,22.96273237868016,0.7084581087235494,696.7180232558139,-0.12951289095200536,0.4950980392156863,688,True,True,True,v4_bigquery_plus_rawfile
USA6015,2020-06-01,2020,False,Violent demonstration,1,0,-1.6967446674570006,1.8236609090754357,3.520405576532438,5.344066485607876,21.77928696983416,2.430611435961629,1546.3541666666667,-0.5531812725090035,0.5460829493087558,96,True,True,True,v4_bigquery_plus_rawfile
USA5578,2020-05-31,2020,False,Violent demonstration,1,0,-1.5425863521574834,2.44356671261738,3.986153064774863,6.429719777392247,21.813050787064768,0.576862844477192,1112.6666666666667,-0.30796368929469364,0.4874446085672083,6,False,True,True,v4_bigquery_plus_rawfile
USA4986,2020-05-30,2020,False,Violent demonstration,1,0,,,,,,,,-0.1807234042553192,0.5371900826446281,0,False,False,True,v4_bigquery_plus_rawfile
USA4941,2020-05-30,2020,False,Violent demonstration,1,0,1.0900160478514007,3.766071451149198,2.6760554032977972,6.442126854446996,22.000388941492044,1.2470740308204333,1013.1132075471698,-1.1853623188405797,0.6981132075471698,53,True,True,True,v4_bigquery_plus_rawfile
USA5715,2020-05-31,2020,False,Violent demonstration,1,0,-2.2556603675967017,2.247052305336945,4.5027126729336455,6.749764978270594,20.25086077495825,0.5532043697765847,908.3978494623656,0.541907514450867,0.7647058823529411,93,True,True,True,v4_bigquery_plus_rawfile
USA14290,2020-10-04,2020,False,Mob violence,1,0,-1.258789914859277,1.89981555588492,3.1586054707441997,5.058421026629116,26.039968381008848,1.3991815292393301,813.0,0.08768755313526788,0.4965675057208238,2,True,True,True,v4_bigquery_plus_rawfile
USA5385,2020-05-31,2020,False,Violent demonstration,1,0,-1.9918711163182146,2.378373971803916,4.37024508812213,6.748619059926044,21.282875904870256,0.7241533101730563,637.2446982055465,-0.07453862485709628,0.5789473684210527,613,True,True,True,v4_bigquery_plus_rawfile
USA571,2020-06-14,2020,False,Peaceful protest,0,0,-2.360054106327894,2.433365653848545,4.793419760176437,7.226785414024983,23.937073569089648,0.7744022735369406,1403.8,-1.5833333333333333,0.8,25,True,True,True,v4_bigquery_plus_rawfile
USA205,2020-06-20,2020,False,Peaceful protest,0,0,-2.7064237104860713,2.093905374315537,4.800329084801608,6.894234459117145,22.437782003579688,1.0751410699202535,928.6802841918295,-0.7304682255538153,0.7685185185185185,1126,True,True,True,v4_bigquery_plus_rawfile
USA390,2020-06-14,2020,False,Peaceful protest,0,0,,,,,,,,0.6163817663817663,0.4,0,True,False,True,v4_bigquery_plus_rawfile
USA4739,2020-05-29,2020,False,Violent demonstration,1,0,-0.9445702415137407,2.5269368565807615,3.471507098094502,5.998443954675264,22.48743018407549,0.8835935292729995,759.1825975139305,0.02438780609695146,0.5287730727470141,2333,True,True,True,v4_bigquery_plus_rawfile
USA1,2020-06-15,2020,False,Peaceful protest,0,0,-4.216640809119777,2.027335230906699,6.243976040026478,8.271311270933182,23.95841106596703,1.0396677562569643,843.08,0.5850000000000001,0.0,25,True,True,True,v4_bigquery_plus_rawfile
USA687,2020-06-20,2020,False,Peaceful protest,0,0,-7.218187188827623,1.2036438848300615,8.421831073657675,9.625474958487748,25.1335505343863,0.4525734931755168,634.3,-0.9374999999999998,0.6842105263157895,20,False,True,True,v4_bigquery_plus_rawfile
USA909,2020-06-20,2020,False,Peaceful protest,0,0,-1.0196177622463556,2.727954961856271,3.7475727241026267,6.475527685958898,21.834853321334577,0.48424261514052447,870.6601941747573,0.5362736660929432,0.48148148148148145,309,True,True,True,v4_bigquery_plus_rawfile
USA5741,2020-05-31,2020,False,Violent demonstration,1,0,-0.9611909867083208,1.495728596063666,2.4569195827719867,3.9526481788356524,17.971045239236066,0.4865655079714185,1049.921052631579,-1.4808281814471635,0.5291479820627802,152,True,True,True,v4_bigquery_plus_rawfile
USA740,2020-06-27,2020,False,Peaceful protest,0,0,-2.2695134898160645,1.179011430871378,3.4485249206874418,4.62753635155882,25.15311673851158,0.9726291876983795,819.8101265822785,-0.48366962305986694,0.35555555555555557,79,True,True,True,v4_bigquery_plus_rawfile
USA20585,2020-04-19,2020,False,Mob violence,1,0,,,,,,,,0.43699833375138875,0.4152046783625731,0,False,False,True,v4_bigquery_plus_rawfile
USA12007,2020-09-03,2020,False,Violent demonstration,1,0,-4.406263815955007,1.500471764323052,5.906735580278058,7.407207344601109,22.535408581961555,0.7716035675329088,1284.1466408268734,-0.2600511652076588,0.4152334152334152,1548,True,True,True,v4_bigquery_plus_rawfile
USA4786,2020-05-29,2020,False,Violent demonstration,1,0,-3.1575897938701036,2.502323411258803,5.659913205128903,8.162236616387705,23.494160384045113,1.3737307470526285,838.6634615384615,-1.2222708519520586,0.4924812030075188,104,True,True,True,v4_bigquery_plus_rawfile
USA80,2020-06-18,2020,False,Peaceful protest,0,0,-3.5392724760818726,1.6557380481563702,5.195010524238245,6.850748572394614,19.315513880279564,0.9742326312011901,864.5641025641025,-0.3512820512820513,0.631578947368421,39,True,True,True,v4_bigquery_plus_rawfile
USA4948,2020-05-30,2020,False,Violent demonstration,1,0,-1.0339358092941837,2.5408541434236063,3.5747899527177918,6.115644096141398,23.154029224481263,0.9337799117455771,940.8491484184915,0.268335925797903,0.5425531914893617,411,True,True,True,v4_bigquery_plus_rawfile
USA5096,2020-05-30,2020,False,Violent demonstration,1,0,-1.0002426260612067,2.175872049265119,3.176114675326325,5.351986724591442,21.675154140899142,0.7581773853043535,1806.0260869565218,-0.18128654970760238,0.5611510791366906,115,True,True,True,v4_bigquery_plus_rawfile
USA395,2020-06-14,2020,False,Peaceful protest,0,0,-3.353943412541574,1.6991697766975395,5.053113189239111,6.752282965936649,23.38713015954061,1.3747868965946122,790.44,0.276,0.8571428571428571,25,True,True,True,v4_bigquery_plus_rawfile
USA3069,2020-07-23,2020,False,Violent demonstration,1,0,,,,,,,,0.35382956156041967,0.46853146853146854,0,False,False,True,v4_bigquery_plus_rawfile
USA5170,2020-05-30,2020,False,Violent demonstration,1,0,-2.9144801339121242,2.267449245086095,5.181929378998219,7.449378624084315,23.354555341854727,0.6279462780393563,707.0436962750716,-0.1147156427229471,0.47297297297297297,1396,True,True,True,v4_bigquery_plus_rawfile
USA11656,2020-05-31,2020,False,Violent demonstration,1,0,2.5,2.88461538461538,0.384615384615385,3.26923076923077,21.7307692307692,0.384615384615385,499.0,-0.8252216312056738,0.4875,2,False,True,True,v4_bigquery_plus_rawfile
USA16482,2020-10-31,2020,False,Violent demonstration,1,0,-1.2329241868606138,2.2698417591105793,3.502765945971193,5.772607705081772,22.918521196471506,0.8825247925726913,1317.7,0.33720940878905187,0.6120906801007556,90,True,True,True,v4_bigquery_plus_rawfile
USA60,2020-06-19,2020,False,Peaceful protest,0,0,,,,,,,,-0.197978632163547,0.475266731328807,0,False,False,True,v4_bigquery_plus_rawfile
USA217,2020-06-25,2020,False,Peaceful protest,0,0,-7.23684210526316,1.48026315789474,8.71710526315789,10.1973684210526,21.2993421052632,0.328947368421053,1087.0,-0.17147550385954408,0.5382022471910113,1,False,True,True,v4_bigquery_plus_rawfile
USA4628,2020-05-28,2020,False,Violent demonstration,1,0,-1.5083216896505185,2.4591334973063996,3.967455186956918,6.426588684263318,22.69638758666579,0.8056457991827534,773.5381552753815,0.08837349397590366,0.49935649935649934,4521,True,True,True,v4_bigquery_plus_rawfile
USA863,2020-06-15,2020,True,Peaceful protest,0,0,-4.614146145395435,1.821842963518333,6.435989108913768,8.257832072432098,23.406870608013634,0.8731945280507454,1203.85,1.2810000000000001,0.7272727272727273,20,True,True,True,v4_bigquery_plus_rawfile
USA7207,2020-06-03,2020,False,Violent demonstration,1,0,-0.32404209254936744,2.715496488849756,3.0395385813991234,5.755035070248881,23.49943532695959,1.0324974250172647,768.1811594202899,-1.1696352450010987,0.4527363184079602,138,True,True,True,v4_bigquery_plus_rawfile
USA10993,2020-08-16,2020,True,Violent demonstration,1,0,,,,,,,,-0.5333772507685552,0.4868173258003766,0,False,False,True,v4_bigquery_plus_rawfile
USA10469,2020-08-16,2020,False,Violent demonstration,1,0,-2.2805512907968657,1.993501014382841,4.274052305179706,6.267553319562547,21.094705493147078,0.6102171354202899,925.5310467179183,-0.484894150152439,0.45539906103286387,1691,True,True,True,v4_bigquery_plus_rawfile
USA3784,2020-08-02,2020,False,Violent demonstration,1,0,-1.162028635998252,3.321402671540193,4.483431307538443,7.804833979078634,23.580225065828234,0.9456234452966227,1674.6666666666667,0.6252772691747928,0.5185185185185185,3,False,True,True,v4_bigquery_plus_rawfile
USA1664,2020-07-01,2020,False,Violent demonstration,1,0,-4.327118001997,1.7959749314731643,6.123092933470166,7.919067864943329,23.975729805797116,0.5221198290743163,746.9801936619718,-1.3874277456647397,0.6329331046312179,2272,True,True,True,v4_bigquery_plus_rawfile
USA6138,2020-06-01,2020,False,Violent demonstration,1,0,,,,,,,,-0.05059598180818636,0.6526946107784432,0,False,False,True,v4_bigquery_plus_rawfile
USA969,2020-06-27,2020,True,Peaceful protest,0,0,-1.3326791821494783,2.423602669756189,3.756281851905668,6.179884521661857,18.750030679767605,0.48601808723216006,3907.842105263158,-0.428326991691809,0.4711484593837535,57,True,True,True,v4_bigquery_plus_rawfile
USA555,2020-07-02,2020,False,Peaceful protest,0,0,-2.770928589575893,2.128142898831369,4.899071488407265,7.027214387238634,23.483690828778027,1.2396161607890703,987.0882352941177,-0.04471516082012539,0.47456896551724137,34,True,True,True,v4_bigquery_plus_rawfile
USA391,2020-06-19,2020,False,Peaceful protest,0,0,0.5878336796607295,2.5273031322768498,1.9394694526161225,4.466772584892973,22.791714783733635,1.4220719739332615,338.5,1.1275641025641026,0.6428571428571429,8,False,True,True,v4_bigquery_plus_rawfile
USA20620,2020-04-20,2020,False,Violent demonstration,1,0,,,,,,,,-0.17707907791070898,0.5128205128205128,0,False,False,True,v4_bigquery_plus_rawfile
USA648,2020-06-27,2020,False,Peaceful protest,0,0,-0.900407444933384,3.5977862580387794,4.498193702972163,8.095979961010942,24.279235539365946,1.6567387766654456,967.4545454545455,0.5592144379164135,0.6770293609671848,11,False,True,True,v4_bigquery_plus_rawfile
USA5354,2020-05-31,2020,False,Violent demonstration,1,0,-1.6292211608250848,2.316738373350083,3.9459595341751674,6.262697907525252,22.67366336319064,0.7316766068192788,1247.2451361867704,-0.671875,0.6233766233766234,257,True,True,True,v4_bigquery_plus_rawfile
USA6474,2020-06-02,2020,True,Violent demonstration,1,0,-1.7996258137153336,2.4752844801177836,4.274910293833117,6.750194773950902,21.27459321162105,0.5915425483437875,636.5838264299803,-0.09953488372093024,0.6203703703703703,507,True,True,True,v4_bigquery_plus_rawfile
USA18953,2020-11-30,2020,False,Violent demonstration,1,0,-1.4600108319791318,2.1533484928104754,3.613359324789607,5.766707817600082,21.540599444083895,0.6876808745254901,1097.3455838767043,-0.20543452121233052,0.47635135135135137,1687,True,True,True,v4_bigquery_plus_rawfile
USA938,2020-06-20,2020,True,Peaceful protest,0,0,-1.3289420660152698,2.449792688101034,3.778734754116304,6.228527442217337,22.297135364812902,0.8628013196963772,718.8371731814652,0.584645659453246,0.5396419437340153,3863,True,True,True,v4_bigquery_plus_rawfile
USA5572,2020-05-31,2020,False,Violent demonstration,1,0,-1.2308261027985794,2.299659933541975,3.5304860363405544,5.83014596988253,22.56465322034131,0.7743826136205434,616.2634032634032,-0.12708333333333333,0.7663551401869159,429,True,True,True,v4_bigquery_plus_rawfile
USA4887,2020-05-30,2020,True,Violent demonstration,1,0,-1.5065519820845759,2.458955714688549,3.965507696773125,6.424463411461674,22.693603345765638,0.8055622362255963,775.433407079646,0.05741305674191577,0.4980544747081712,4520,True,True,True,v4_bigquery_plus_rawfile
USA6471,2020-06-02,2020,True,Violent demonstration,1,0,-1.1758072527280081,2.48036588615914,3.656173138887149,6.1365390250462895,21.575767077693694,0.9447232852446188,1042.8632218844984,-1.7520060499920396,0.4733893557422969,658,True,True,True,v4_bigquery_plus_rawfile
USA864,2020-06-15,2020,False,Peaceful protest,0,0,-5.791839258973114,1.6801367282629232,7.471975987236036,9.152112715498967,23.317733194678663,0.44550426189991993,825.0416666666666,4.133333333333334,0.6666666666666666,24,True,True,True,v4_bigquery_plus_rawfile
USA384,2020-06-19,2020,True,Peaceful protest,0,0,-3.4526607797048072,2.4060309594900797,5.858691739194885,8.264722698684965,26.28083772737865,1.63087902081613,883.5,2.8957894736842107,0.5714285714285714,2,False,True,True,v4_bigquery_plus_rawfile
USA5709,2020-05-31,2020,False,Violent demonstration,1,0,-0.8399612333507448,2.285963987905895,3.125925221256639,5.411889209162531,22.089752445329125,0.7249755518550255,801.2424242424242,-0.4577179923788426,0.49643705463182897,165,True,True,True,v4_bigquery_plus_rawfile
USA452,2020-06-14,2020,False,Peaceful protest,0,0,-4.439977873007882,2.4122402786374564,6.852218151645336,9.264458430282797,22.989066451281776,0.511563916476961,866.5,1.656,0.375,20,True,True,True,v4_bigquery_plus_rawfile
USA793,2020-06-15,2020,False,Peaceful protest,0,0,-4.122552150446033,1.9802105785925215,6.102762729038553,8.082973307631072,22.83484625850331,0.7488204264541504,1213.68,0.5680000000000001,0.5,25,True,True,True,v4_bigquery_plus_rawfile
USA5485,2020-05-31,2020,False,Violent demonstration,1,0,-1.8463744571324632,2.470148915972942,4.316523373105405,6.786672289078348,21.302668184774678,0.5962183889839735,679.8588007736944,0.23122449804064152,0.5892857142857143,517,True,True,True,v4_bigquery_plus_rawfile
USA6144,2020-06-01,2020,True,Violent demonstration,1,0,0.1755052324134585,3.66792838338725,3.492423150973795,7.160351534361039,18.37773353765285,1.46270732101304,1082.5,0.5523255813953487,0.5747126436781609,2,False,True,True,v4_bigquery_plus_rawfile
USA20408,2020-04-08,2020,False,Mob violence,1,0,-5.652809997373524,1.676028069520448,7.328838066893971,9.00486613641442,21.449974833595682,0.39137449935021595,1380.4305555555557,0.5020408163265304,0.65,576,True,True,True,v4_bigquery_plus_rawfile
USA6089,2020-06-01,2020,False,Violent demonstration,1,0,-0.44706777814873916,2.7338857214665597,3.1809534996153004,5.914839221081859,22.334410223312325,0.6012661106057459,3237.756097560976,-0.6538341106286079,0.46949602122015915,697,True,True,True,v4_bigquery_plus_rawfile
USA427,2020-07-04,2020,True,Peaceful protest,0,0,-4.327606700162249,1.8022829872237587,6.129889687386008,7.932172674609768,23.97566134966283,0.5187616196729319,744.3459507042254,-1.3085161012308215,0.6348920863309353,2272,True,True,True,v4_bigquery_plus_rawfile
USA4487,2020-08-14,2020,False,Violent demonstration,1,0,,,,,,,,-0.5333772507685552,0.4868173258003766,0,False,False,True,v4_bigquery_plus_rawfile
USA20422,2020-04-09,2020,False,Violent demonstration,1,0,-3.350099896174269,2.1657782736456377,5.515878169819907,7.681656443465545,22.103408113155766,1.0853340890582253,983.7341772151899,-0.7227040816326531,0.536,158,True,True,True,v4_bigquery_plus_rawfile
USA949,2020-06-17,2020,True,Peaceful protest,0,0,-2.708934961515876,2.2152479139745775,4.924182875490452,7.139430789465031,22.3542309884191,0.5003222491351336,1241.72,-0.7520000000000001,0.7333333333333333,25,True,True,True,v4_bigquery_plus_rawfile
USA5040,2020-05-30,2020,False,Violent demonstration,1,0,-2.2155282600497537,2.283455060539803,4.498983320589553,6.782438381129357,21.396849091961485,0.6562618546307242,817.6489795918367,0.5159464468614348,0.6237623762376238,245,True,True,True,v4_bigquery_plus_rawfile
USA6021,2020-06-01,2020,False,Violent demonstration,1,0,-0.6840089053100067,1.9671714526028454,2.6511803579128514,4.618351810515698,18.06784167438261,1.123029872224323,485.38461538461536,-0.5660116192608451,0.48075278015397777,13,True,True,True,v4_bigquery_plus_rawfile
USA11382,2020-08-26,2020,False,Violent demonstration,1,0,-2.4391956445759537,2.240766070218377,4.679961714794331,6.920727785012708,22.743407016632425,0.7292616913744331,643.4546498277841,-0.4507530205983907,0.5396825396825397,871,True,True,True,v4_bigquery_plus_rawfile
USA3702,2020-08-01,2020,False,Mob violence,1,0,-2.3983020515437503,1.357176957314974,3.755479008858722,5.112655966173699,19.951167183474517,0.5832305487775143,988.4782608695652,0.2258064516129032,0.6451612903225806,23,False,True,True,v4_bigquery_plus_rawfile
USA823,2020-06-19,2020,False,Peaceful protest,0,0,-3.433578282107187,2.150048220137129,5.583626502244315,7.733674722381447,23.90662886858913,1.1178378885424491,3581.650246305419,-0.3134045077105575,0.4840370751802266,203,True,True,True,v4_bigquery_plus_rawfile
USA908,2020-06-20,2020,False,Peaceful protest,0,0,0.1645948186078877,2.7777318975449394,2.6131370789370516,5.390868976481991,20.351694572734353,0.6624956733510043,866.0357142857143,-0.06432559506317959,0.5,56,True,True,True,v4_bigquery_plus_rawfile
USA5479,2020-05-31,2020,False,Violent demonstration,1,0,,,,,,,,-1.749201455950082,0.48405797101449277,0,False,False,True,v4_bigquery_plus_rawfile
USA219,2020-06-27,2020,False,Peaceful protest,0,0,-1.5676635988798677,1.972378072438084,3.5400416713179506,5.512419743756035,21.44803102333865,0.8751242137329508,1099.3153846153846,0.6564263322884012,0.650887573964497,650,True,True,True,v4_bigquery_plus_rawfile
USA845,2020-06-26,2020,False,Peaceful protest,0,0,-0.6889026306691387,2.3737423908351523,3.062645021504295,5.43638741233945,21.37003635938005,0.9868862721219418,765.375,-0.7028104726598701,0.4563758389261745,8,False,True,True,v4_bigquery_plus_rawfile
USA892,2020-06-20,2020,False,Peaceful protest,0,0,-3.698166840010591,2.093281903333992,5.791448743344583,7.884730646678575,21.981842934574846,0.9436013330666189,601.6526054590571,1.6714222222222224,0.3472222222222222,403,True,True,True,v4_bigquery_plus_rawfile
USA8468,2020-06-06,2020,False,Violent demonstration,1,0,,,,,,,,0.03469601677148848,0.4678738317757009,0,False,False,True,v4_bigquery_plus_rawfile
USA917,2020-06-20,2020,False,Peaceful protest,0,0,-5.712994002767955,0.8877133630632015,6.6007073658311555,7.48842072889436,25.612794095033053,1.829248039366445,837.5,1.1749824088629388,0.5337423312883436,2,False,True,True,v4_bigquery_plus_rawfile
USA36,2020-06-14,2020,False,Peaceful protest,0,0,-3.8581903254257464,2.5111856174633123,6.369375942889059,8.880561560352373,23.172470614294635,1.07225597150185,755.12,-0.6240000000000001,0.38461538461538464,25,True,True,True,v4_bigquery_plus_rawfile
USA624,2020-06-18,2020,False,Peaceful protest,0,0,-0.9081299887300722,2.3958569782890202,3.3039869670190924,5.699843945308113,21.145801793338105,0.8617391368658579,543.7285714285714,0.2131913959613696,0.3076923076923077,210,True,True,True,v4_bigquery_plus_rawfile
USA3247,2020-07-13,2020,False,Mob violence,1,0,-1.8341699432410337,2.336406614409745,4.1705765576507785,6.506983172060524,21.164188140793694,0.7446318093629177,767.2522889114954,-0.307194536479816,0.5167173252279635,983,True,True,True,v4_bigquery_plus_rawfile
USA5015,2020-05-30,2020,False,Violent demonstration,1,0,-0.890728010665354,2.3822774318582343,3.273005442523588,5.655282874381821,23.884070806189794,0.905737285599073,840.713987473904,0.23767513819837993,0.4485294117647059,479,True,True,True,v4_bigquery_plus_rawfile
USA986,2020-06-20,2020,True,Peaceful protest,0,0,-1.822426697527939,2.09779499878339,3.920221696311331,6.018016695094722,19.7034890631841,0.3360955122803166,496.35897435897436,1.1682644110275688,0.6666666666666666,156,True,True,True,v4_bigquery_plus_rawfile
USA1004,2020-06-29,2020,False,Peaceful protest,0,0,1.56862745098039,3.52941176470588,1.96078431372549,5.49019607843137,21.1111111111111,1.43790849673203,1400.0,0.4326086956521741,0.8409090909090909,1,False,True,True,v4_bigquery_plus_rawfile
USA5416,2020-05-31,2020,False,Violent demonstration,1,0,-3.2192033937762172,2.2829019044653536,5.50210529824157,7.785007202706926,23.774614687096584,1.1266290375507448,895.8,0.30000000000000004,0.3684210526315789,35,True,True,True,v4_bigquery_plus_rawfile
USA19998,2020-12-31,2020,False,Violent demonstration,1,0,-2.065427248267526,1.9885928001563051,4.054020048423832,6.042612848580137,20.69977895865258,0.4880698980873164,1162.1835673426938,-0.4456818181818181,0.49002217294900224,1923,True,True,True,v4_bigquery_plus_rawfile
USA940,2020-06-19,2020,False,Peaceful protest,0,0,-0.9013350816641067,2.423179495085891,3.3245145767499977,5.747694071835888,22.586797782740497,0.9559805748630051,784.3441226575809,0.7026631158455392,0.5342105263157895,587,True,True,True,v4_bigquery_plus_rawfile
USA11385,2020-08-26,2020,False,Violent demonstration,1,0,-1.3203966309482364,2.612392964853263,3.932789595801499,6.545182560654762,22.094602660999126,1.1685825123568576,1097.628272251309,-0.3240899357601712,0.6386494252873564,2865,True,True,True,v4_bigquery_plus_rawfile
USA6540,2020-06-02,2020,False,Violent demonstration,1,0,0.05174444283664832,2.2707149470420567,2.218970504205408,4.489685451247465,21.981957371423853,0.812870025637206,655.9333333333333,-0.8234968017057569,0.46013412816691507,15,False,True,True,v4_bigquery_plus_rawfile
USA67,2020-06-14,2020,False,Peaceful protest,0,0,-3.3301290300159154,2.3599656178416395,5.6900946478575545,8.050060265699198,22.37029780985737,0.5835459338333169,1599.8,2.952,0.6111111111111112,25,True,True,True,v4_bigquery_plus_rawfile
USA997,2020-06-19,2020,False,Peaceful protest,0,0,-0.6505243739076049,1.2912957129002232,1.9418200868078292,3.2331157997080497,13.498120915451045,0.08870900298649052,578.0588235294117,0.12038647342995173,0.631578947368421,34,True,True,True,v4_bigquery_plus_rawfile
USA670,2020-06-20,2020,False,Peaceful protest,0,0,,,,,,,,-0.3471896326968791,0.5617977528089888,0,False,False,True,v4_bigquery_plus_rawfile
USA522,2020-06-20,2020,False,Peaceful protest,0,0,,,,,,,,0.09575371549893841,0.6214953271028038,0,False,False,True,v4_bigquery_plus_rawfile
USA10390,2020-05-31,2020,False,Violent demonstration,1,0,-1.3005575821582234,2.577315883596086,3.877873465754309,6.455189349350395,22.928476800520478,0.7113150875549746,737.0957746478873,-0.030709362492568504,0.48693586698337293,710,True,True,True,v4_bigquery_plus_rawfile
USA6465,2020-06-02,2020,True,Violent demonstration,1,0,0.1755052324134585,3.66792838338725,3.492423150973795,7.160351534361039,18.37773353765285,1.46270732101304,1082.5,0.5523255813953487,0.5747126436781609,2,False,True,True,v4_bigquery_plus_rawfile
USA524,2020-06-14,2020,False,Peaceful protest,0,0,,,,,,,,,,0,False,False,False,v4_bigquery_plus_rawfile
USA6625,2020-06-02,2020,True,Violent demonstration,1,0,0.8513461503176528,4.308277656183508,3.4569315058658523,7.765209162049359,21.055177731663925,0.8538301884590549,504.3989361702128,-0.571254355400697,0.46702923181509176,188,True,True,True,v4_bigquery_plus_rawfile
USA4697,2020-05-29,2020,False,Violent demonstration,1,0,-1.5845407994753458,2.93934946340445,4.523890262879796,7.463239726284246,22.587654071366202,1.0443589373101838,990.2039134912461,1.209562900902206,0.60790273556231,971,True,True,True,v4_bigquery_plus_rawfile
USA4905,2020-05-30,2020,False,Violent demonstration,1,0,-4.441999511832353,1.0387230941506216,5.480722605982973,6.5194457001335975,22.760474323097508,0.54445551851178,620.820895522388,-0.3803508549963532,0.5882922109337204,67,True,True,True,v4_bigquery_plus_rawfile
USA5967,2020-06-01,2020,True,Violent demonstration,1,0,-0.8284307230318909,2.6953776290085885,3.5238083520404793,6.219185981049069,22.784460906025753,0.8784574345298776,515.3552631578947,-0.11577287066246045,0.43670886075949367,152,True,True,True,v4_bigquery_plus_rawfile
USA946,2020-06-16,2020,False,Peaceful protest,0,0,-5.486113123819987,1.713465549507485,7.199578673327464,8.91304422283495,22.87175775089779,1.6002445122388502,1263.3333333333333,-4.314285714285715,1.0,9,False,True,True,v4_bigquery_plus_rawfile
USA56422,2023-05-29,2023,False,Violent demonstration,1,0,-3.8560683165978906,2.212538440884122,6.068606757482024,8.28114519836614,19.370163927947413,0.41515988354329875,1754.0555555555557,0.027030162412993025,0.6070763500931099,18,False,True,True,v4_bigquery_plus_rawfile
USA56421,2023-05-29,2023,False,Violent demonstration,1,0,,,,,,,,-0.1564782605808971,0.4827586206896552,0,False,False,True,v4_bigquery_plus_rawfile
USA54429,2023-04-01,2023,False,Violent demonstration,1,0,1.1046132026254198,3.172902930524437,2.0682897278990184,5.241192658423456,22.69897762837947,1.4055827197516855,629.5510204081633,-0.9234200743494424,0.5853658536585366,98,True,True,True,v4_bigquery_plus_rawfile
USA22052,2021-01-22,2021,False,Peaceful protest,0,0,-2.2368836768790143,2.143231184792882,4.380114861671899,6.523346046464785,20.956673924727212,1.028678198756263,838.5,0.5581964465303385,0.5249266862170088,24,False,True,True,v4_bigquery_plus_rawfile
USA22044,2021-01-22,2021,False,Peaceful protest,0,0,-0.6494878438759426,2.42801007249303,3.0774979163689724,5.505507988862002,21.982370832389133,0.8299901408304428,990.4981617647059,0.24055512721665384,0.44175491679273826,544,True,True,True,v4_bigquery_plus_rawfile
USA20088,2021-01-04,2021,False,Peaceful protest,0,0,-4.189733011663238,1.8497025141525856,6.039435525815822,7.889138039968409,21.36726689267623,0.6860497802132685,951.5936739659368,0.8667385795316718,0.5909090909090909,411,True,True,True,v4_bigquery_plus_rawfile
USA22147,2021-01-23,2021,True,Peaceful protest,0,0,-6.659826959343126,1.5778650500510067,8.237692009394129,9.815557059445133,24.318545693555297,0.45928262716527807,715.0,0.8707692307692307,0.5368421052631579,3,False,True,True,v4_bigquery_plus_rawfile
USA45045,2022-06-24,2022,False,Violent demonstration,1,0,0.9741217287513599,3.6613995593218696,2.687277830570514,6.348677389892385,20.77974294934546,0.840728715728716,526.8,0.44568424205470514,0.5013404825737265,5,True,True,True,v4_bigquery_plus_rawfile
USA20090,2021-01-04,2021,True,Peaceful protest,0,0,-1.6131528324229678,2.3907371264581236,4.003889958881091,6.394627085339215,21.847695262251484,0.6673109450838193,1083.4705882352941,0.15839416058394162,0.7674418604651163,1411,True,True,True,v4_bigquery_plus_rawfile
USA20273,2021-01-07,2021,True,Peaceful protest,0,0,-2.623367666970176,2.240441162290718,4.863808829260894,7.104249991551613,19.976708860393042,0.5349799356297017,686.123076923077,-0.9888888888888889,0.5765765765765766,195,True,True,True,v4_bigquery_plus_rawfile
USA20212,2021-01-06,2021,False,Peaceful protest,0,0,,,,,,,,0.9846801346801348,0.6866666666666666,0,False,False,True,v4_bigquery_plus_rawfile
USA21978,2021-01-20,2021,False,Peaceful protest,0,0,0.34423552209456837,2.9124406007486536,2.5682050786540853,5.480645679402739,21.188951812442433,0.710570675676051,1016.7267759562842,-0.1707096395809108,0.579582875960483,183,True,True,True,v4_bigquery_plus_rawfile
USA21250,2021-01-13,2021,False,Peaceful protest,0,0,-1.0064441686848424,3.0072632883640984,4.01370745704894,7.02097074541304,20.579499350652785,1.3395882404049244,615.9574468085107,0.07644590949955044,0.4626865671641791,47,True,True,True,v4_bigquery_plus_rawfile
USA21811,2021-01-16,2021,False,Peaceful protest,0,0,-0.70093487176775,3.0813526109478215,3.782287482715571,6.863640093663392,20.993223426867626,0.5954991781742816,893.8514851485148,0.0018553722975709341,0.5168213457076566,404,True,True,True,v4_bigquery_plus_rawfile
USA22068,2021-01-22,2021,False,Peaceful protest,0,0,-0.6296958590449007,2.4887899263165045,3.1184857853614045,5.607275711677909,16.77776008245916,0.6449617688797489,6283.654545454546,-0.6966126656848305,0.44410876132930516,55,True,True,True,v4_bigquery_plus_rawfile
USA21918,2021-01-18,2021,True,Peaceful protest,0,0,-0.7050052385201457,2.9289923457797835,3.6339975842999284,6.562989930079713,21.27119472753191,0.897631408230705,660.8172185430464,1.2022126245847176,0.6712328767123288,755,True,True,True,v4_bigquery_plus_rawfile
USA21154,2021-01-11,2021,False,Peaceful protest,0,0,0.49195604887362265,2.6840377969395504,2.192081748065931,4.87611954500548,24.283719206725358,1.5233548388756222,645.8,-1.1787569157504028,0.6477272727272727,5,False,True,True,v4_bigquery_plus_rawfile
USA35873,2021-10-16,2021,False,Violent demonstration,1,0,-1.2280244632359292,2.432827795528251,3.66085225876418,6.093680054292432,20.734450566319452,0.7417719056014926,658.2480401379743,1.0485401459854016,0.5415841584158416,3189,True,True,True,v4_bigquery_plus_rawfile
USA21299,2021-01-15,2021,False,Peaceful protest,0,0,0.673781821730316,2.867879345351422,2.1940975236211058,5.061976868972527,22.084534654803875,0.8753981996173652,1253.935064935065,1.1677021027058725,0.4888888888888889,77,True,True,True,v4_bigquery_plus_rawfile
USA48116,2021-11-21,2021,False,Mob violence,1,0,-1.2215684607244521,1.6218222251383534,2.8433906858628055,4.465212911001159,21.252636349008757,0.6870985811597473,534.0736196319018,-0.48247938674791413,0.5542406311637081,163,True,True,True,v4_bigquery_plus_rawfile
USA21132,2021-01-10,2021,False,Peaceful protest,0,0,-4.080746202916683,2.0834668840262087,6.164213086942892,8.2476799709691,21.84143145413783,0.7926740985765227,720.5405405405405,-0.17936726272352144,0.4613953488372093,74,True,True,True,v4_bigquery_plus_rawfile
USA21797,2021-01-16,2021,True,Peaceful protest,0,0,-1.4210565132323496,2.372227362739036,3.7932838759713854,6.165511238710422,21.760987788274996,0.8837574947745865,756.4417697686929,0.34080115301199826,0.5069444444444444,7436,True,True,True,v4_bigquery_plus_rawfile
USA22021,2021-01-21,2021,True,Peaceful protest,0,0,-3.4373176187694887,1.938111946114594,5.375429564884082,7.313541510998676,22.399191720226064,0.585978706571489,1466.136899365367,0.06418346359522831,0.44360902255639095,2206,True,True,True,v4_bigquery_plus_rawfile
USA20164,2021-01-06,2021,True,Violent demonstration,1,0,-2.010562898719036,2.625424358723019,4.635987257442055,7.261411616165076,23.671181592096065,0.6498974967326876,801.5912230800487,0.11763341067285382,0.5670650730411687,2461,True,True,True,v4_bigquery_plus_rawfile
USA20064,2021-01-03,2021,False,Peaceful protest,0,0,,,,,,,,-1.0026422764227643,0.593939393939394,0,False,False,True,v4_bigquery_plus_rawfile
USA42637,2022-04-23,2022,False,Mob violence,1,0,1.0122389631826678,3.10374650310979,2.0915075399271226,5.195254043036913,21.853519114760765,0.9923134320249238,1459.125,0.1903545047923323,0.5811320754716981,40,True,True,True,v4_bigquery_plus_rawfile
USA20195,2021-01-06,2021,False,Violent demonstration,1,0,-4.267759477413538,1.4327236909052112,5.70048316831875,7.133206859223963,23.484010152638064,0.767520530144228,600.4722753346081,1.2930715935334873,0.5255972696245734,523,True,True,True,v4_bigquery_plus_rawfile
USA38671,2022-01-22,2022,False,Mob violence,1,0,-0.031245345054620857,2.6430624305261796,2.6743077755808002,5.31737020610698,20.89536910004004,0.8255952277690444,660.1933139534884,-0.6803611652928961,0.5119047619047619,688,True,True,True,v4_bigquery_plus_rawfile
USA57302,2023-06-12,2023,False,Mob violence,1,0,,,,,,,,0.18638882197060952,0.5491426181514011,0,False,False,True,v4_bigquery_plus_rawfile
USA21213,2021-01-12,2021,False,Peaceful protest,0,0,-0.9471818860321406,2.7210969259027156,3.6682788119348553,6.38937573783757,20.359881133834122,0.8235491990615568,824.4047619047619,1.2775791579679887,0.6449864498644986,42,True,True,True,v4_bigquery_plus_rawfile
USA33390,2021-07-09,2021,False,Mob violence,1,0,-1.0143897173837282,2.6769352840613365,3.691325001445066,6.368260285506402,21.338601515112703,0.7286702550839161,749.948275862069,0.47461603197980223,0.6481481481481481,174,True,True,True,v4_bigquery_plus_rawfile
USA21103,2021-01-09,2021,False,Peaceful protest,0,0,0.5609953126373945,2.6882280174667157,2.1272327048293205,4.815460722296036,21.759284790984154,1.1040367642610907,516.8,-1.0461764705882353,0.6010928961748634,20,False,True,True,v4_bigquery_plus_rawfile
USA33274,2021-08-31,2021,False,Violent demonstration,1,0,-0.8291344459578256,2.7700769204879347,3.59921136644576,6.369288286933694,22.014603689410148,0.8600624417441632,767.9430051813472,0.06460176991150446,0.7565217391304347,193,True,True,True,v4_bigquery_plus_rawfile
USA56992,2023-06-10,2023,False,Mob violence,1,0,2.2904108356031916,4.1066636563457655,1.8162528207425739,5.922916477088338,21.38412611152499,0.9937732035018487,1204.2777777777778,0.19002579497834282,0.4967532467532468,18,False,True,True,v4_bigquery_plus_rawfile
USA41621,2022-04-11,2022,False,Mob violence,1,0,,,,,,,,-2.333333333333333,,0,False,False,True,v4_bigquery_plus_rawfile
USA21279,2021-01-14,2021,False,Peaceful protest,0,0,-1.6473830988018974,3.671707663551728,5.319090762353626,8.99079842590535,21.85213364104104,0.5574929103445032,658.6153846153846,0.09932354141901709,0.47542533081285443,13,False,True,True,v4_bigquery_plus_rawfile
USA51662,2023-01-25,2023,False,Mob violence,1,0,0.5391522642573886,3.141089787110038,2.601937522852651,5.743027309962688,20.78540424137383,0.5999360317534882,823.9473684210526,-0.26445895504513695,0.46808510638297873,19,False,True,True,v4_bigquery_plus_rawfile
USA22056,2021-01-22,2021,False,Peaceful protest,0,0,3.64583333333333,4.16666666666667,0.520833333333333,4.6875,25.3472222222222,1.90972222222222,539.0,1.2484848484848485,0.9166666666666666,1,False,True,True,v4_bigquery_plus_rawfile
USA20126,2021-01-05,2021,False,Peaceful protest,0,0,3.5643646216566496,4.473581108299812,0.909216486643162,5.382797594942975,17.53366673774102,0.6941638830871423,803.3636363636364,0.09027777777777785,0.0,11,False,True,True,v4_bigquery_plus_rawfile
USA21791,2021-01-16,2021,False,Peaceful protest,0,0,-1.0382329330531122,2.2075315958241117,3.2457645288772246,5.453296124701338,18.4895138415074,0.5830836991508711,958.3684210526316,-1.5823452491488705,0.6312056737588653,38,True,True,True,v4_bigquery_plus_rawfile
USA21975,2021-01-20,2021,False,Peaceful protest,0,0,-1.5171004474657277,2.5379425108216,4.055042958287329,6.592985469108927,22.645288020935656,1.3556086976142874,752.6603773584906,1.0121212121212122,0.48484848484848486,53,True,True,True,v4_bigquery_plus_rawfile
USA21940,2021-01-18,2021,False,Peaceful protest,0,0,,,,,,,,0.010507637560321692,0.5689939527212754,0,False,False,True,v4_bigquery_plus_rawfile
USA21788,2021-01-16,2021,True,Peaceful protest,0,0,-3.53675450762829,2.1497919556172,5.68654646324549,7.83633841886269,22.746185852982,1.24826629680999,1313.0,0.8146341463414635,0.6,1,False,True,True,v4_bigquery_plus_rawfile
USA20296,2021-01-07,2021,True,Peaceful protest,0,0,-2.058003348097581,1.9827362940607345,4.040739642158316,6.023475936219051,20.680061132738597,0.4893719782240307,1157.4868282402529,-0.35403508771929826,0.49324324324324326,1898,True,True,True,v4_bigquery_plus_rawfile
USA51899,2023-01-21,2023,False,Violent demonstration,1,0,-0.5198312619547311,2.634461054557045,3.1542923165117767,5.788753371068822,21.606493977910645,0.8457608485014689,729.763137254902,0.21619797525309337,0.5644804716285925,7650,True,True,True,v4_bigquery_plus_rawfile
USA22130,2021-01-25,2021,False,Peaceful protest,0,0,-1.278483439084696,2.25920819577337,3.5376916348580663,5.796899830631437,23.822768138280882,1.1707589414468378,601.7272727272727,-0.35204490777866876,0.49271137026239065,11,True,True,True,v4_bigquery_plus_rawfile
USA46887,2022-08-07,2022,False,Mob violence,1,0,,,,,,,,0.4305058516297514,0.47380061245321536,0,False,False,True,v4_bigquery_plus_rawfile
USA21114,2021-01-10,2021,False,Peaceful protest,0,0,,,,,,,,0.639778449144008,0.4700854700854701,0,False,False,True,v4_bigquery_plus_rawfile
USA22151,2021-01-27,2021,True,Peaceful protest,0,0,-4.0625574466602155,2.0072992208067197,6.069856667466939,8.077155888273655,20.000837923878084,0.3799056296098537,2172.376811594203,-0.8863636363636362,0.4729064039408867,69,True,True,True,v4_bigquery_plus_rawfile
USA22041,2021-01-22,2021,False,Peaceful protest,0,0,-0.5214287032808168,2.8823421817935966,3.4037708850744135,6.28611306686801,21.781119624780693,0.8793075877380333,759.8080808080808,0.0751025991792067,0.4215686274509804,396,True,True,True,v4_bigquery_plus_rawfile
USA21072,2021-01-09,2021,True,Peaceful protest,0,0,2.572577106454415,4.470927801585053,1.8983506951306364,6.369278496715691,21.123307290385508,1.4291253514109594,402.6,0.6234976268711206,0.4915254237288136,10,False,True,True,v4_bigquery_plus_rawfile
USA21988,2021-01-20,2021,False,Peaceful protest,0,0,-3.348174326548907,1.9485690874336439,5.29674341398255,7.2453125014161985,22.248165934439506,0.5413111554576042,438.75,-0.39724672547447226,0.6333333333333333,28,True,True,True,v4_bigquery_plus_rawfile
USA21944,2021-01-19,2021,False,Peaceful protest,0,0,-3.13382471378618,1.2778950158526299,4.411719729638805,5.68961474549143,25.09965236362155,0.495458298926507,643.0,0.07890096973258898,0.6097560975609756,2,False,True,True,v4_bigquery_plus_rawfile
USA38501,2022-01-21,2022,False,Mob violence,1,0,-0.21189132070551775,3.0468117238181005,3.2587030445236183,6.30551476834172,21.56313977281798,0.8583552786206646,497.16373411534704,1.7606783144912639,0.6129032258064516,2046,True,True,True,v4_bigquery_plus_rawfile
USA20086,2021-01-04,2021,False,Peaceful protest,0,0,-2.116628558514275,2.0910597980411523,4.207688356555427,6.29874815459658,21.14599173953312,0.4191550578536766,773.7930402930403,0.4097751710654936,0.5635062611806798,546,True,True,True,v4_bigquery_plus_rawfile
USA34974,2021-09-19,2021,False,Violent demonstration,1,0,2.3176871775331866,4.454205818002305,2.136518640469125,6.590724458471425,23.117201185743298,1.576477805656005,1164.0,-0.35279279279279296,0.6200873362445415,2,False,True,True,v4_bigquery_plus_rawfile
USA21234,2021-01-13,2021,True,Peaceful protest,0,0,-1.0798778901488482,2.179127100867768,3.2590049910166154,5.438132091884383,21.755086432998844,0.9438930628268722,578.3333333333334,-0.038268926342743925,0.5442247658688866,153,True,True,True,v4_bigquery_plus_rawfile
USA20135,2021-01-05,2021,False,Excessive force against protesters,1,0,0.02683218889266267,2.463227381449482,2.4363951925568177,4.899622574006299,22.405857504503786,1.2814618625551548,776.0454545454545,0.2497310126582279,0.6,22,False,True,True,v4_bigquery_plus_rawfile
USA21074,2021-01-09,2021,False,Peaceful protest,0,0,-0.14734540826554676,3.5517042078067065,3.699049616072257,7.25075382387897,22.367560731338102,0.6224524534553478,649.6666666666666,-0.5730187814933577,0.48500365764447695,3,False,True,True,v4_bigquery_plus_rawfile
USA20239,2021-01-06,2021,True,Violent demonstration,1,0,-0.841795033714442,1.8729100402153913,2.7147050739298337,4.587615114145225,16.374421862229166,0.26965866298662455,2387.1007751937987,-0.5660377358490566,0.3888888888888889,129,True,True,True,v4_bigquery_plus_rawfile
USA21796,2021-01-16,2021,False,Peaceful protest,0,0,,,,,,,,0.18855441891665273,0.7410071942446043,0,False,False,True,v4_bigquery_plus_rawfile
USA20124,2021-01-05,2021,False,Peaceful protest,0,0,3.9207737895675017,5.9727451982537065,2.051971408686204,8.024716606939908,14.3592020380506,1.209918184213432,386.8,0.11997991967871502,0.46875,5,False,True,True,v4_bigquery_plus_rawfile
USA20083,2021-01-04,2021,False,Peaceful protest,0,0,-0.7277284763116135,4.206272887109041,4.934001363420667,9.1402742505297,19.184787293699767,0.12686330478908966,838.0,-0.28197707003494416,0.45808383233532934,3,False,True,True,v4_bigquery_plus_rawfile
USA20079,2021-01-04,2021,False,Peaceful protest,0,0,-2.391506066264574,2.4605994965501923,4.85210556281477,7.312705059364954,19.166495667040543,0.46158303413395646,691.8888888888889,0.0462623970848588,0.46733668341708545,9,False,True,True,v4_bigquery_plus_rawfile
USA20123,2021-01-05,2021,False,Peaceful protest,0,0,0.3887863428198811,0.4488750482065967,0.06008870538671554,0.5089637535933121,12.518210922634939,0.07317587910657997,3726.923076923077,-1.4545494748479824,0.5789473684210527,13,False,True,True,v4_bigquery_plus_rawfile
USA58258,2023-07-24,2023,False,Mob violence,1,0,,,,,,,,-0.2727272727272725,1.0,0,False,False,True,v4_bigquery_plus_rawfile
USA36760,2021-10-29,2021,False,Mob violence,1,0,,,,,,,,,,0,False,False,False,v4_bigquery_plus_rawfile
USA33480,2021-07-31,2021,False,Violent demonstration,1,0,3.51351351351351,4.05405405405405,0.540540540540541,4.59459459459459,19.7297297297297,0.810810810810811,354.0,1.4354006820119354,0.8387096774193549,2,False,True,True,v4_bigquery_plus_rawfile
USA20118,2021-01-05,2021,False,Peaceful protest,0,0,-2.0174333166018603,2.627260612725697,4.644693929327557,7.271954542053255,23.660338044599005,0.650873803680215,799.9362047947989,0.14218822438572087,0.5667107001321003,2461,True,True,True,v4_bigquery_plus_rawfile
USA36703,2021-11-03,2021,False,Mob violence,1,0,,,,,,,,,0.0,0,False,False,True,v4_bigquery_plus_rawfile
USA30290,2021-05-15,2021,False,Violent demonstration,1,0,0.10143734859379397,3.601771266546479,3.5003339179526844,7.102105184499167,21.754777814169802,0.4969845086864678,1063.1517857142858,-0.31611030478955016,0.34507042253521125,112,True,True,True,v4_bigquery_plus_rawfile
USA60059,2023-09-25,2023,False,Violent demonstration,1,0,0.6882901723271639,3.3057890519969053,2.61749887966974,5.92328793166664,21.599152622930802,2.5507543557082553,1125.5,0.29717274704564245,0.5798816568047337,2,False,True,True,v4_bigquery_plus_rawfile
USA41198,2022-04-01,2022,False,Mob violence,1,0,,,,,,,,0.5366251944012442,0.5634028892455859,0,False,False,True,v4_bigquery_plus_rawfile
USA30699,2021-06-03,2021,False,Violent demonstration,1,0,-5.544496041986543,1.8596829730203999,7.404179015006943,9.26386198802734,23.325018057293917,0.34969263311667315,698.2835164835165,0.2758169934640522,0.7119341563786008,455,True,True,True,v4_bigquery_plus_rawfile
USA46614,2022-07-31,2022,False,Mob violence,1,0,,,,,,,,0.23255813953488375,0.5526315789473685,0,False,False,True,v4_bigquery_plus_rawfile
USA38633,2022-01-29,2022,False,Violent demonstration,1,0,0.023320452277799605,2.640236432480765,2.616915980202965,5.2571524126837295,22.038937963185006,0.9146631771637308,907.1080472706809,-0.5427159036696964,0.7489539748953975,1777,True,True,True,v4_bigquery_plus_rawfile
USA22022,2021-01-21,2021,False,Peaceful protest,0,0,-0.21433898303640164,2.4268130225714626,2.641152005607862,5.067965028179326,20.22166400914617,0.6303574439877611,540.2058823529412,1.5870510180736677,0.8076923076923077,34,True,True,True,v4_bigquery_plus_rawfile
USA21890,2021-01-18,2021,False,Peaceful protest,0,0,-1.4655559978099078,1.074645733088173,2.5402017308980795,3.6148474639862544,21.447328931622593,0.3617317062575443,1424.8333333333333,-0.9725108225108224,0.5517241379310345,12,False,True,True,v4_bigquery_plus_rawfile
USA21906,2021-01-18,2021,False,Peaceful protest,0,0,-1.0078354847275366,2.2795251100266314,3.2873605947541686,5.566885704780809,25.890102302157317,1.3967537500644667,721.6666666666666,-0.2664335664335664,0.7741935483870968,6,False,True,True,v4_bigquery_plus_rawfile
USA46678,2022-07-30,2022,False,Mob violence,1,0,-3.31491712707182,1.10497237569061,4.41988950276243,5.52486187845304,20.4419889502762,0.552486187845304,163.0,0.4014306151645207,0.6556962025316456,1,False,True,True,v4_bigquery_plus_rawfile
USA20260,2021-01-07,2021,False,Peaceful protest,0,0,,,,,,,,-0.3250832408435072,0.48081023454157784,0,False,False,True,v4_bigquery_plus_rawfile
USA20052,2021-01-03,2021,False,Peaceful protest,0,0,,,,,,,,-0.5428571428571426,0.5,0,False,False,True,v4_bigquery_plus_rawfile
USA33273,2021-08-26,2021,False,Violent demonstration,1,0,0.6320515477932642,2.8072884678337524,2.1752369200404886,4.982525387874241,22.085642093320892,1.0040613594062708,631.9166666666666,-0.3298519546611156,0.34782608695652173,84,True,True,True,v4_bigquery_plus_rawfile
USA27400,2021-03-27,2021,False,Violent demonstration,1,0,1.62790697674419,2.32558139534884,0.697674418604651,3.02325581395349,15.1162790697674,0.930232558139535,457.0,-0.07432386169120164,0.5702746365105008,1,False,True,True,v4_bigquery_plus_rawfile
USA21207,2021-01-12,2021,False,Peaceful protest,0,0,-0.4758681541827325,1.65623149166596,2.1320996458486947,3.788331137514655,24.9370867731135,0.1078167115902965,2171.0,-0.06933671620152232,0.4863768115942029,2,True,True,True,v4_bigquery_plus_rawfile
USA21228,2021-01-13,2021,False,Peaceful protest,0,0,2.1682049191841735,4.386268990888583,2.21806407170441,6.604333062592997,23.5215291203768,1.3099037671067266,397.3333333333333,0.3572871572871573,0.33863485752153744,3,True,True,True,v4_bigquery_plus_rawfile
USA20009,2021-01-01,2021,True,Peaceful protest,0,0,-1.1898030438848355,2.067887610878117,3.2576906547629516,5.325578265641068,21.131672636390913,0.7715839300143987,936.3414634146342,-0.02121212121212146,0.14285714285714285,82,True,True,True,v4_bigquery_plus_rawfile
USA21181,2021-01-11,2021,False,Peaceful protest,0,0,-1.803461118368673,1.9528968577437342,3.756357976112407,5.70925483385614,21.700163364328873,0.9853816740230272,1128.0,-0.16998336106489184,0.33015597920277295,78,True,True,True,v4_bigquery_plus_rawfile
USA31654,2021-06-23,2021,False,Violent demonstration,1,0,3.25443786982249,3.84615384615385,0.591715976331361,4.43786982248521,22.4852071005917,0.29585798816568,292.0,-0.8312949640287769,0.656934306569343,1,False,True,True,v4_bigquery_plus_rawfile
USA32206,2021-07-09,2021,False,Mob violence,1,0,,,,,,,,0.1089353994767559,0.49370892018779344,0,False,False,True,v4_bigquery_plus_rawfile
USA52860,2023-02-20,2023,False,Violent demonstration,1,0,1.402720997787608,3.4517199484409726,2.048998950653365,5.500718899094339,23.673004994860932,1.623121888798912,567.983870967742,0.0608695652173914,0.3695652173913043,62,True,True,True,v4_bigquery_plus_rawfile
USA20060,2021-01-03,2021,False,Peaceful protest,0,0,-2.1158876676215717,2.096077492383315,4.211965160004887,6.3080426523882025,21.85175302863567,0.663499937730441,755.4801444043321,-0.35493243243243255,0.6041666666666666,277,True,True,True,v4_bigquery_plus_rawfile
USA31823,2021-06-18,2021,False,Violent demonstration,1,0,-0.8678506431070447,2.532473010268763,3.400323653375808,5.932796663644572,22.10075818097368,0.7220340044099168,754.6126605504587,-0.5835212521201739,0.569364161849711,5450,True,True,True,v4_bigquery_plus_rawfile
USA20127,2021-01-05,2021,True,Peaceful protest,0,0,-4.485802955360439,1.8110483106007038,6.296851265961143,8.107899576561847,21.28616201787678,0.6872745205932529,938.1605839416059,0.8812080329078775,0.6024844720496895,411,True,True,True,v4_bigquery_plus_rawfile
USA40885,2022-03-23,2022,False,Violent demonstration,1,0,,,,,,,,0.16565008025682187,0.5178082191780822,0,False,False,True,v4_bigquery_plus_rawfile
USA21031,2021-01-06,2021,False,Peaceful protest,0,0,,,,,,,,1.1955555555555553,0.5,0,True,False,True,v4_bigquery_plus_rawfile
USA20050,2021-01-03,2021,False,Peaceful protest,0,0,-1.6131528324229678,2.3907371264581236,4.003889958881091,6.394627085339215,21.847695262251484,0.6673109450838193,1083.4705882352941,0.22627737226277378,0.7816091954022989,1411,True,True,True,v4_bigquery_plus_rawfile
USA21225,2021-01-13,2021,False,Peaceful protest,0,0,-1.131414769072095,2.6732482925017957,3.804663061573891,6.477911354075686,21.474929178286914,0.7270025267263152,1035.7606123869173,0.4172991731485953,0.47006129184347006,11496,True,True,True,v4_bigquery_plus_rawfile
USA21073,2021-01-09,2021,False,Peaceful protest,0,0,1.78571428571429,3.57142857142857,1.78571428571429,5.35714285714286,16.0714285714286,0.0,109.0,-0.22319062181447502,0.5528942115768463,1,False,True,True,v4_bigquery_plus_rawfile
USA55494,2023-04-05,2023,False,Violent demonstration,1,0,-2.980435831805667,2.5960141797121037,5.57645001151777,8.172464191229874,23.862894207534303,0.5249203044609968,936.9530845954931,0.25950044603033007,0.6376360808709176,5414,True,True,True,v4_bigquery_plus_rawfile
USA32055,2021-07-05,2021,False,Violent demonstration,1,0,-2.9170967442665625,2.3386200397670174,5.255716784033579,7.594336823800603,22.265440581856375,0.5447180464431036,1288.1875,0.35802585935036263,0.6329571106094808,16,False,True,True,v4_bigquery_plus_rawfile
USA20012,2021-01-02,2021,False,Peaceful protest,0,0,-1.7970650129899677,2.115586197554214,3.9126512105441806,6.028237408098395,20.963454091004625,0.5741454747278776,1442.0119581464874,-0.35119521912350604,0.4980694980694981,669,True,True,True,v4_bigquery_plus_rawfile
USA20078,2021-01-04,2021,False,Peaceful protest,0,0,-0.6976332460347898,2.643032712222407,3.340665958257198,5.983698670479605,23.495912732200576,0.9658149844488145,358.6875,-0.7544444444444445,0.5555555555555556,16,False,True,True,v4_bigquery_plus_rawfile
USA21894,2021-01-18,2021,False,Peaceful protest,0,0,1.84481823114487,2.60444926749864,0.759631036353771,3.36408030385241,23.5485621269669,0.434074877916441,1737.0,-0.04794908062234793,0.4987012987012987,1,False,True,True,v4_bigquery_plus_rawfile
USA28214,2021-04-16,2021,False,Violent demonstration,1,0,-3.142969499473573,2.199193387863055,5.342162887336624,7.541356275199677,21.5752383218986,0.6516348557785545,768.0869565217391,0.05245901639344264,0.5882352941176471,23,False,True,True,v4_bigquery_plus_rawfile
USA22093,2021-01-27,2021,False,Peaceful protest,0,0,-1.5710715642388933,2.9753348795171632,4.546406443756057,7.521741323273222,20.82140743433438,1.2402243193567588,835.9555555555555,-0.18190279214064115,0.5121646912039926,45,True,True,True,v4_bigquery_plus_rawfile
USA42385,2022-05-01,2022,False,Mob violence,1,0,1.0487667492185282,2.143910584630622,1.0951438354120966,3.239054420042718,24.52311306959956,1.416253205347214,554.4,-0.2504848912214784,0.5293577981651376,5,False,True,True,v4_bigquery_plus_rawfile
USA21272,2021-01-14,2021,False,Peaceful protest,0,0,-0.02146093783390502,2.0211984526719555,2.0426593905058605,4.063857843177819,23.977378172345034,0.7371664668528455,615.6428571428571,0.6854382332643202,0.42002734107997264,14,False,True,True,v4_bigquery_plus_rawfile
USA21789,2021-01-16,2021,False,Peaceful protest,0,0,,,,,,,,-1.5902439024390245,0.42857142857142855,0,False,False,True,v4_bigquery_plus_rawfile
USA21294,2021-01-15,2021,False,Peaceful protest,0,0,-1.1068700490185195,2.531932432880745,3.638802481899265,6.1707349147800095,21.682898895203785,0.9369509192946954,792.5886319845857,-0.44543795620437954,0.667741935483871,1038,True,True,True,v4_bigquery_plus_rawfile
USA26553,2021-03-13,2021,False,Violent demonstration,1,0,,,,,,,,-0.17944055944055945,0.6161369193154034,0,False,False,True,v4_bigquery_plus_rawfile
USA22057,2021-01-22,2021,False,Peaceful protest,0,0,-1.6466839634841133,2.174055502279521,3.8207394657636335,5.994794968043156,22.444679633722373,1.1363958564418144,1854.918149466192,0.9451461794019934,0.642570281124498,281,True,True,True,v4_bigquery_plus_rawfile
USA21130,2021-01-10,2021,False,Violent demonstration,1,0,,,,,,,,-0.3332780338246457,0.5215444879686626,0,False,False,True,v4_bigquery_plus_rawfile
USA21942,2021-01-19,2021,False,Peaceful protest,0,0,-1.6409666394392932,1.011674406218519,2.6526410456578127,3.6643154518763295,19.0682775511813,0.37485246976058084,433.9,0.31029411764705883,0.5172413793103449,20,False,True,True,v4_bigquery_plus_rawfile
USA21086,2021-01-09,2021,False,Peaceful protest,0,0,,,,,,,,0.06339522546419096,0.5092592592592593,0,False,False,True,v4_bigquery_plus_rawfile
USA20324,2021-01-08,2021,False,Peaceful protest,0,0,-2.367197492797895,2.374758670856295,4.74195616365419,7.116714834510483,23.161428757161918,1.465808764815228,566.9821428571429,-1.8191304347826087,0.5982142857142857,168,True,True,True,v4_bigquery_plus_rawfile
USA22064,2021-01-22,2021,True,Peaceful protest,0,0,1.5020223510381736,3.2862409585185763,1.7842186074804023,5.070459565998978,21.320084619401776,1.1573423146742763,729.625,-1.7854054054054054,0.7159090909090909,48,True,True,True,v4_bigquery_plus_rawfile
USA40567,2022-03-16,2022,False,Violent demonstration,1,0,-3.521038244417874,2.4072618320990746,5.9283000765169485,8.335561908616022,23.303521957252137,0.5837563632334799,697.8291746641075,-0.0696969696969697,0.4121212121212121,521,True,True,True,v4_bigquery_plus_rawfile
USA20298,2021-01-07,2021,True,Peaceful protest,0,0,1.0316411633176523,3.4337748193086126,2.4021336559909616,5.835908475299574,21.92659009662015,1.0984186043285709,696.5294117647059,-2.4216494845360823,0.8,17,False,True,True,v4_bigquery_plus_rawfile
USA56396,2023-05-20,2023,False,Violent demonstration,1,0,7.25388601036269,9.32642487046632,2.07253886010363,11.3989637305699,21.7616580310881,0.0,177.0,-1.0108527131782947,0.4411764705882353,2,False,True,True,v4_bigquery_plus_rawfile
USA21837,2021-01-17,2021,True,Peaceful protest,0,0,,,,,,,,0.9074827802128992,0.6092834610184767,0,False,False,True,v4_bigquery_plus_rawfile
USA21236,2021-01-13,2021,False,Peaceful protest,0,0,-2.519296128542833,2.1850054857558416,4.704301614298675,6.889307100054517,22.14438433546216,0.6607440482914289,797.2951724137931,0.05736434108527133,0.6148148148148148,725,True,True,True,v4_bigquery_plus_rawfile
USA20038,2021-01-02,2021,True,Peaceful protest,0,0,-2.0539039544111186,1.9837195891738646,4.037623543584983,6.021343132758848,20.694313174023733,0.48816102972533104,1149.6001040041601,-0.4626136363636363,0.4933920704845815,1923,True,True,True,v4_bigquery_plus_rawfile
USA45700,2022-06-24,2022,False,Mob violence,1,1,-1.4440416141854626,2.409289786950655,3.8533314011361184,6.262621188086774,21.916682531350173,0.7957198254290173,788.8574988319576,0.24474602559131448,0.6240097501523462,6421,True,True,True,v4_bigquery_plus_rawfile
USA21192,2021-01-12,2021,False,Peaceful protest,0,0,0.425368838015385,2.7820977438311822,2.3567289058157987,5.13882664964698,22.91205241452558,0.595759586101962,1677.1851851851852,0.7140754369825206,0.4434782608695652,27,True,True,True,v4_bigquery_plus_rawfile
USA37987,2022-01-06,2022,False,Peaceful protest,0,0,,,,,,,,-0.0845036319612591,0.6280417149478563,0,False,False,True,v4_bigquery_plus_rawfile
USA38035,2022-01-13,2022,False,Peaceful protest,0,0,-2.1281496842622936,2.1601023794449,4.288252063707193,6.448354443152094,21.56656787191545,0.7267915519840898,743.4580745341615,-0.3156739811912226,0.5802469135802469,644,True,True,True,v4_bigquery_plus_rawfile
USA38265,2022-01-15,2022,False,Peaceful protest,0,0,-3.9192263729793804,0.8352397198374719,4.754466092816852,5.589705812654324,24.079211185673078,0.7788636503322979,555.3312101910828,2.0902521984403517,0.752,157,True,True,True,v4_bigquery_plus_rawfile
USA38267,2022-01-16,2022,True,Peaceful protest,0,0,,,,,,,,-0.12312549329123912,0.5622377622377622,0,False,False,True,v4_bigquery_plus_rawfile
USA38318,2022-01-19,2022,False,Peaceful protest,0,0,-0.07667411291451579,2.8583503332608555,2.9350244461753725,5.7933747794362285,21.22509167660909,0.7969617598348548,965.2905982905983,0.6504000000000001,0.8214285714285714,234,True,True,True,v4_bigquery_plus_rawfile
USA38266,2022-01-16,2022,False,Peaceful protest,0,0,-0.40162698679108366,2.7711007392326854,3.172727726023769,5.943828465256454,22.74675898548027,1.2861688014526103,615.3220164609054,-1.4129083461341525,0.45588235294117646,972,True,True,True,v4_bigquery_plus_rawfile
USA37833,2022-01-06,2022,False,Peaceful protest,0,0,,,,,,,,1.1144464418863569,0.6981132075471698,0,False,False,True,v4_bigquery_plus_rawfile
USA38372,2022-01-15,2022,False,Peaceful protest,0,0,-1.873709378343718,2.5463142736325497,4.420023651976267,6.966337925608818,22.921472423003998,0.898181094084866,853.328875089563,0.20881458966565347,0.4699074074074074,4187,True,True,True,v4_bigquery_plus_rawfile
USA38037,2022-01-10,2022,False,Peaceful protest,0,0,-1.4659324621889591,2.369694416572899,3.8356268787618584,6.205321295334757,21.674942238184446,0.7573423839380079,828.2353108956075,0.7727188940092165,0.6152512998266898,3506,True,True,True,v4_bigquery_plus_rawfile
USA38325,2022-01-15,2022,False,Peaceful protest,0,0,-1.636442154607838,2.262064341712011,3.898506496319849,6.160570838031861,21.846987009420268,0.7580044269463094,681.825806451613,1.0324675324675325,0.8181818181818182,155,True,True,True,v4_bigquery_plus_rawfile
USA51707,2023-01-24,2023,False,Peaceful protest,0,0,,,,,,,,0.167791077257889,0.6985018726591761,0,False,False,True,v4_bigquery_plus_rawfile
USA51247,2023-01-08,2023,True,Peaceful protest,0,0,-2.1686148202203834,2.6744442659256076,4.843059086145993,7.517503352071597,21.979266870961748,0.796189570420865,1354.68,-5.3,0.8235294117647058,25,True,True,True,v4_bigquery_plus_rawfile
USA51493,2023-01-18,2023,False,Peaceful protest,0,0,-0.09057651387519901,3.094266960417616,3.1848434742928124,6.27911043471043,24.587123628798455,1.5442918183444319,697.5454545454545,-1.8865671641791042,0.5581395348837209,11,False,True,True,v4_bigquery_plus_rawfile
USA51392,2023-01-17,2023,False,Peaceful protest,0,0,-0.5233550659447056,2.6649090860577194,3.1882641520024233,5.853173238060143,23.11806587354429,0.7827573135048894,501.45628997867806,-0.09114882359563209,0.6216216216216216,469,True,True,True,v4_bigquery_plus_rawfile
USA51708,2023-01-24,2023,False,Peaceful protest,0,0,-2.015280056563407,2.497553239770157,4.5128332963335644,7.01038653610372,22.175508692189265,1.2027067478979876,738.4120879120879,0.09005851704549495,0.5508982035928144,182,True,True,True,v4_bigquery_plus_rawfile
USA50590,2023-01-03,2023,False,Peaceful protest,0,0,,,,,,,,,,0,False,False,False,v4_bigquery_plus_rawfile
USA51454,2023-01-17,2023,False,Peaceful protest,0,0,,,,,,,,0.13204697986577185,0.5709779179810726,0,False,False,True,v4_bigquery_plus_rawfile
USA51432,2023-01-18,2023,False,Peaceful protest,0,0,-3.344367565381248,1.8076589973679495,5.152026562749196,6.959685560117146,21.526794465999224,0.6008220241409594,690.0795454545455,-0.3303424312094624,0.5350089766606823,88,True,True,True,v4_bigquery_plus_rawfile
USA51472,2023-01-16,2023,False,Peaceful protest,0,0,-0.9517818420535828,1.8766196463493674,2.8284014884029482,4.705021134752314,21.61401509608915,1.2223099291385562,703.1,0.17417238986359312,0.6176821983273596,10,False,True,True,v4_bigquery_plus_rawfile
USA51169,2023-01-07,2023,False,Peaceful protest,0,0,,,,,,,,,,0,False,False,False,v4_bigquery_plus_rawfile
USA64619,2024-01-17,2024,False,Peaceful protest,0,0,-2.289740157247159,2.023116104279481,4.3128562615266395,6.335972365806119,21.485524053932995,0.5574231070376954,750.8100649350649,0.16682909496979836,0.65,616,True,True,True,v4_bigquery_plus_rawfile
USA64524,2024-01-18,2024,False,Peaceful protest,0,0,-1.0009884266636362,2.827589251222244,3.82857767788588,6.656166929108125,23.140155044573405,0.8964455962060724,767.7638888888889,-0.2391208791208792,0.5521739130434783,144,True,True,True,v4_bigquery_plus_rawfile
USA64612,2024-01-18,2024,False,Peaceful protest,0,0,-2.089164917587016,2.3980294950951846,4.487194412682202,6.88522390777739,23.3833668897297,0.6784355618166901,566.4,-1.1289195962880172,0.5485327313769752,5,True,True,True,v4_bigquery_plus_rawfile
USA64526,2024-01-06,2024,False,Peaceful protest,0,0,-0.7077090114872089,2.731526386415262,3.43923539790247,6.170761784317734,22.295461489989922,0.6241734544043067,791.2309711286089,-1.417540962621608,0.5857988165680473,381,True,True,True,v4_bigquery_plus_rawfile
USA64477,2024-01-12,2024,False,Peaceful protest,0,0,1.171916496619359,3.1365418870723114,1.9646253904529511,5.101167277525267,21.004560349214955,0.7874711773756542,895.0,-0.12372188139059292,0.47337278106508873,18,True,True,True,v4_bigquery_plus_rawfile
USA64546,2024-01-18,2024,False,Peaceful protest,0,0,,,,,,,,0.1850956130483689,0.4925373134328358,0,False,False,True,v4_bigquery_plus_rawfile
USA64493,2024-01-08,2024,False,Peaceful protest,0,0,-0.5819762892066512,2.7674265980584045,3.3494028872650556,6.116829485323461,21.41771103275772,0.7641806875342206,757.953094094377,-0.055050167224080265,0.49064906490649063,3539,True,True,True,v4_bigquery_plus_rawfile
USA64360,2024-01-09,2024,False,Peaceful protest,0,0,-0.4241442553290284,1.2810031928835155,1.7051474482125442,2.98615064109606,26.92443967729271,0.3210893901886813,1273.0,-1.3402777777777777,0.9069767441860465,11,False,True,True,v4_bigquery_plus_rawfile
USA64463,2024-01-11,2024,False,Peaceful protest,0,0,-2.316972858037311,2.4383789951988004,4.755351853236112,7.193730848434912,21.677153928918784,0.7135407534763704,873.8765432098766,0.09131016042780751,0.6491228070175439,162,True,True,True,v4_bigquery_plus_rawfile
USA64386,2024-01-11,2024,False,Peaceful protest,0,0,,,,,,,,0.13158419583062175,0.5191256830601093,0,False,False,True,v4_bigquery_plus_rawfile
USA37870,2022-01-04,2022,False,Peaceful protest,0,0,-2.188303162591295,1.9874325380994888,4.175735700690784,6.163168238790273,22.338095411891132,0.8527547986714445,871.5155172413793,0.7326228913477235,0.7368421052631579,580,True,True,True,v4_bigquery_plus_rawfile
USA50787,2022-11-30,2022,False,Violent demonstration,1,0,-1.2892882908935916,2.858990662584972,4.148278953478564,7.007269616063535,21.946269652961902,0.65739585341008,859.6830571886692,0.13943661971830978,0.5674603174603174,1871,True,True,True,v4_bigquery_plus_rawfile
USA37834,2022-01-03,2022,False,Peaceful protest,0,0,-4.24070980225538,1.7850831267420684,6.025792928997445,7.810876055739517,21.02257929391994,0.4997880017074135,865.1180555555555,-0.9463378775728415,0.813953488372093,432,True,True,True,v4_bigquery_plus_rawfile
USA37807,2022-01-06,2022,False,Peaceful protest,0,0,-0.7674991063767643,2.4672286376249333,3.2347277440016975,5.701956381626631,21.560971881455778,1.032722888262821,988.2242424242424,1.0418894711998161,0.7346938775510204,165,True,True,True,v4_bigquery_plus_rawfile
USA38099,2022-01-11,2022,True,Peaceful protest,0,0,2.1172133803638116,4.416072705159048,2.2988593247952367,6.714932029954287,23.726570809244933,0.9176736611287742,901.5,0.12473049825991023,0.5,6,False,True,True,v4_bigquery_plus_rawfile
USA37818,2022-01-06,2022,False,Peaceful protest,0,0,-0.3754200238391422,2.4314515507869445,2.806871574626086,5.23832312541303,20.857860660754902,0.5381261389935013,827.7810810810811,0.9352941176470589,0.5384615384615384,370,True,True,True,v4_bigquery_plus_rawfile
USA40598,2022-03-14,2022,False,Violent demonstration,1,0,0.05988612253650619,2.7004415817839145,2.640555459247408,5.340997041031322,20.520005110063455,0.8581088338557743,730.0072568940493,0.3536317475339424,0.6519337016574586,2067,True,True,True,v4_bigquery_plus_rawfile
USA37898,2022-01-06,2022,False,Peaceful protest,0,0,-1.9212300298948877,2.200994651226765,4.122224681121652,6.323219332348416,22.70820013131094,0.887302255925141,871.7849056603774,1.87112868358175,0.5784313725490197,265,True,True,True,v4_bigquery_plus_rawfile
USA38189,2022-01-08,2022,True,Peaceful protest,0,0,-1.4962942480685058,1.695348322347395,3.1916425704159006,4.886990892763295,22.23105096489796,0.7481862484393456,620.2631578947369,0.17173694779116466,0.4792176039119804,19,False,True,True,v4_bigquery_plus_rawfile
USA39593,2022-02-23,2022,False,Violent demonstration,1,0,-1.7378682283563085,2.0338702302378655,3.7717384585941747,5.80560868883204,21.745354759357266,0.6468451934421914,813.4189944134079,0.005120702267739641,0.4466750313676286,179,True,True,True,v4_bigquery_plus_rawfile
USA37990,2022-01-06,2022,False,Peaceful protest,0,0,0.924326489521025,2.8362453646306327,1.9119188751096092,4.74816423974024,19.451112506997237,1.2559902648429464,431.875,0.6103094511059804,0.6036036036036037,8,False,True,True,v4_bigquery_plus_rawfile
USA37851,2022-01-06,2022,False,Peaceful protest,0,0,-2.6715436656669524,2.186586135738266,4.858129801405219,7.0447159371434855,22.344988561182248,0.5309646429997622,710.5331069609508,0.1039600507292327,0.517948717948718,589,True,True,True,v4_bigquery_plus_rawfile
USA48276,2022-09-23,2022,False,Violent demonstration,1,0,,,,,,,,0.26348547717842324,0.6430317848410758,0,False,False,True,v4_bigquery_plus_rawfile
USA38163,2022-01-11,2022,False,Peaceful protest,0,0,,,,,,,,-0.09514446227929371,0.5599435825105783,0,False,False,True,v4_bigquery_plus_rawfile
USA45053,2022-06-18,2022,False,Mob violence,1,0,-2.328981935569153,2.217695995561662,4.546677931130814,6.764373926692475,22.96504569672458,0.8902565749556847,1096.255033557047,0.4490205371248026,0.6538461538461539,298,True,True,True,v4_bigquery_plus_rawfile
USA49248,2022-10-26,2022,False,Violent demonstration,1,0,0.8865211526239644,3.6230206645846867,2.7364995119607234,6.359520176545409,22.6025515397507,1.415850485687786,837.0877192982456,0.042359556074537064,0.5596330275229358,57,True,True,True,v4_bigquery_plus_rawfile
USA37861,2022-01-03,2022,False,Peaceful protest,0,0,-0.410846343467543,1.72555464256368,2.13640098603122,3.86195562859491,19.1454396055875,0.986031224322103,1044.0,-1.5083333333333333,0.6666666666666666,1,False,True,True,v4_bigquery_plus_rawfile
USA37884,2022-01-06,2022,False,Peaceful protest,0,0,0.07878648819822166,2.646542717861494,2.5677562296632717,5.214298947524766,20.809383132038597,0.6440894318667849,769.433962264151,0.5768376520359597,0.9130434782608695,53,True,True,True,v4_bigquery_plus_rawfile
USA38177,2022-01-08,2022,False,Peaceful protest,0,0,1.20793787748059,3.96893874029336,2.76100086281277,6.72993960310613,24.8490077653149,1.46678170836928,1040.0,-0.5371338912133891,0.513215859030837,1,False,True,True,v4_bigquery_plus_rawfile
USA37973,2022-01-06,2022,False,Peaceful protest,0,0,-2.852400880863494,1.908373787791545,4.760774668655039,6.669148456446585,22.34750411231448,0.7393516131622347,729.6972997711671,0.72168458781362,0.6937537901758641,10925,True,True,True,v4_bigquery_plus_rawfile
USA50014,2022-11-19,2022,False,Mob violence,1,0,-3.733423360189892,1.5466563125521284,5.28007967274202,6.826735985294143,23.4521637090703,1.5847951378763083,376.6666666666667,-0.3650202722177743,0.5210355987055016,6,False,True,True,v4_bigquery_plus_rawfile
USA37902,2022-01-06,2022,False,Peaceful protest,0,0,1.0276401521365115,2.7645651090141543,1.736924956877645,4.501490065891799,23.06805960383121,2.1669981863850953,479.3,1.8727272727272726,0.7272727272727273,10,False,True,True,v4_bigquery_plus_rawfile
USA50336,2022-12-09,2022,False,Mob violence,1,0,,,,,,,,0.49372331340734416,0.5481366459627329,0,False,False,True,v4_bigquery_plus_rawfile
USA37946,2022-01-06,2022,False,Peaceful protest,0,0,,,,,,,,-0.3219364213806327,0.5103734439834025,0,False,False,True,v4_bigquery_plus_rawfile
USA38070,2022-01-13,2022,False,Peaceful protest,0,0,,,,,,,,0.28532110091743124,0.15789473684210525,0,False,False,True,v4_bigquery_plus_rawfile
USA49824,2022-11-10,2022,False,Mob violence,1,0,,,,,,,,-0.29426944971537017,0.4519774011299435,0,False,False,True,v4_bigquery_plus_rawfile
USA37896,2022-01-06,2022,False,Peaceful protest,0,0,-1.8356312966267443,1.8607528046409982,3.6963841012677427,5.5571369059087425,25.5200528605065,1.0415706253847126,734.0,-0.11655441578948611,0.522203947368421,4,False,True,True,v4_bigquery_plus_rawfile
USA37942,2022-01-06,2022,False,Peaceful protest,0,0,-0.2788168197505469,2.484988433571344,2.763805253321893,5.248793686893237,20.455312440200775,0.5264191685460933,1808.75,0.30455908818236355,0.49794801641586867,4,False,True,True,v4_bigquery_plus_rawfile
USA45792,2022-07-04,2022,False,Violent demonstration,1,0,,,,,,,,0.39526627218934907,0.6836734693877551,0,False,False,True,v4_bigquery_plus_rawfile
USA45047,2022-06-24,2022,False,Violent demonstration,1,0,-1.4598334481035793,3.1597272185653424,4.619560666668922,7.7792878852342655,24.325813945623224,0.9181669822058,1101.144578313253,0.5597618790333387,0.5932977913175933,166,True,True,True,v4_bigquery_plus_rawfile
USA37970,2022-01-04,2022,False,Peaceful protest,0,0,-0.9630151499558518,2.1817421950089044,3.144757344964757,5.326499539973661,23.244609705151365,0.8584154903202602,957.5,1.503817733990148,0.0,28,True,True,True,v4_bigquery_plus_rawfile
USA37847,2022-01-06,2022,False,Peaceful protest,0,0,-3.1162530223932134,0.9277687883153907,4.044021810708605,4.971790599023994,20.157053960553103,0.08845058757406629,649.7037037037037,1.8257471264367815,0.9615384615384616,27,True,True,True,v4_bigquery_plus_rawfile
USA37991,2022-01-06,2022,False,Peaceful protest,0,0,,,,,,,,0.11659162813336588,0.5092250922509225,0,False,False,True,v4_bigquery_plus_rawfile
USA37866,2022-01-06,2022,False,Peaceful protest,0,0,-1.4813474889414953,2.448714775907485,3.93006226484898,6.378777040756465,22.329705708996347,0.491716230322386,637.4602026049204,0.5296028880866426,0.6573426573426573,691,True,True,True,v4_bigquery_plus_rawfile
USA45304,2022-06-28,2022,False,Violent demonstration,1,0,-0.10990158032893602,3.0454668173364494,3.155368397665385,6.200835215001835,23.379840560699034,1.2593899028810212,666.7568578553615,-0.36038700255567724,0.6,802,True,True,True,v4_bigquery_plus_rawfile
USA37938,2022-01-02,2022,False,Peaceful protest,0,0,-0.264680191661279,2.9952410577568127,3.259921249418091,6.255162307174905,22.757450672160648,1.0727979640155618,1090.5925925925926,-0.7819444444444444,0.5555555555555556,54,True,True,True,v4_bigquery_plus_rawfile
USA38090,2022-01-11,2022,False,Peaceful protest,0,0,-2.014047300102446,2.242168877808421,4.256216177910868,6.498385055719289,20.801644101534237,0.6510044591116704,744.2035123966942,-0.5546031746031747,0.575187969924812,968,True,True,True,v4_bigquery_plus_rawfile
USA41464,2022-03-02,2022,False,Violent demonstration,1,0,-2.7499062743434575,2.313618868456432,5.0635251427998895,7.377144011256319,22.043723780121876,0.6440484035052174,712.340350877193,1.2446902654867256,0.6296992481203008,570,True,True,True,v4_bigquery_plus_rawfile
USA46842,2022-08-01,2022,False,Mob violence,1,0,2.30436869899184,3.36053768602976,1.05616898703793,4.41670667306769,20.907345175228,0.0,3600.0,0.4659042553191488,0.5908203125,1,False,True,True,v4_bigquery_plus_rawfile
USA41633,2022-03-21,2022,False,Violent demonstration,1,0,,,,,,,,0.23791770791291866,0.4654784240150094,0,False,False,True,v4_bigquery_plus_rawfile
USA37796,2022-01-06,2022,False,Peaceful protest,0,0,-0.262704763917223,1.7258255366452855,1.988530300562509,3.714355837207794,18.082152386518715,0.35072501523969263,2406.1,2.611192068800764,0.7671232876712328,10,False,True,True,v4_bigquery_plus_rawfile
USA38123,2022-01-11,2022,False,Peaceful protest,0,0,-1.4714844705554069,2.668847078367033,4.140331548922439,6.809178627289469,23.042520305822748,0.7061998419125527,665.8057553956835,-1.068211920529801,0.6879432624113475,139,True,True,True,v4_bigquery_plus_rawfile
USA37843,2022-01-07,2022,True,Peaceful protest,0,0,,,,,,,,0.7332305459822238,0.7435897435897436,0,False,False,True,v4_bigquery_plus_rawfile
USA37886,2022-01-06,2022,False,Peaceful protest,0,0,,,,,,,,-0.37511853226138947,0.7837837837837838,0,False,False,True,v4_bigquery_plus_rawfile
USA38036,2022-01-13,2022,False,Peaceful protest,0,0,-3.074385390107689,2.1472426071355506,5.221627997243239,7.368870604378791,23.796908558061745,0.9387483639294859,685.0306748466257,0.24069532264588786,0.5859872611464968,163,True,True,True,v4_bigquery_plus_rawfile
USA37856,2022-01-06,2022,False,Peaceful protest,0,0,1.3953488372093,3.72093023255814,2.32558139534884,6.04651162790698,21.3953488372093,0.465116279069767,392.0,-0.997872340425532,0.7857142857142857,1,False,True,True,v4_bigquery_plus_rawfile
USA38098,2022-01-10,2022,False,Peaceful protest,0,0,-0.08405081608551886,2.536563395661006,2.6206142117465245,5.15717760740753,21.138596427563996,0.6388174018306352,900.8529411764706,-0.5726040268456376,0.45161290322580644,34,True,True,True,v4_bigquery_plus_rawfile
USA37850,2022-01-06,2022,False,Peaceful protest,0,0,-0.4968167627838255,2.66632144374577,3.1631382065295957,5.829459650275367,21.198665003452874,0.7194899385521921,544.5734705546026,-0.7906608469807374,0.7647058823529411,3498,True,True,True,v4_bigquery_plus_rawfile
USA39702,2022-03-02,2022,False,Violent demonstration,1,0,-0.036748317516069995,2.5560536280495123,2.592801945565582,5.148855573615094,18.756264733568536,0.5319191712085729,2214.811320754717,0.07504021799144395,0.6363636363636364,159,True,True,True,v4_bigquery_plus_rawfile
USA37956,2022-01-06,2022,False,Peaceful protest,0,0,-0.6892337731421361,1.8889589055109606,2.5781926786530978,4.467151584164056,19.680442338583426,0.2423462790205437,636.9444444444445,0.4252705627705628,0.46872322193658955,18,False,True,True,v4_bigquery_plus_rawfile
USA50541,2023-01-06,2023,False,Peaceful protest,0,0,,,,,,,,,,0,False,False,False,v4_bigquery_plus_rawfile
USA51167,2023-01-11,2023,False,Peaceful protest,0,0,-0.283671077226698,2.614265668052498,2.8979367452791935,5.512202413331691,21.024548926383662,0.8717292636464198,836.972972972973,1.6622475856014045,0.7037037037037037,111,True,True,True,v4_bigquery_plus_rawfile
USA51302,2023-01-12,2023,False,Peaceful protest,0,0,-4.140200558950453,0.9583161809910126,5.098516739941466,6.056832920932478,22.69431962033633,0.702873516640431,710.3243243243244,0.316038961038961,0.4852658552210122,185,True,True,True,v4_bigquery_plus_rawfile
USA50586,2023-01-04,2023,False,Peaceful protest,0,0,,,,,,,,,,0,False,False,False,v4_bigquery_plus_rawfile
USA51300,2023-01-09,2023,False,Peaceful protest,0,0,0.3547789473831713,2.7084651090539995,2.3536861616708276,5.062151270724828,21.082511145900828,0.9774862439674273,611.7659574468086,-0.26730769230769236,0.782608695652174,47,True,True,True,v4_bigquery_plus_rawfile
USA56376,2023-05-20,2023,False,Violent demonstration,1,0,0.23126641255432254,3.4404481446114783,3.209181732057155,6.649629876668631,24.081611150094147,1.8873856711837564,686.0,-0.6003333333333336,0.6,6,False,True,True,v4_bigquery_plus_rawfile
USA51409,2023-01-17,2023,False,Peaceful protest,0,0,,,,,,,,0.16436136150928518,0.6206896551724138,0,False,False,True,v4_bigquery_plus_rawfile
USA53566,2023-03-11,2023,False,Violent demonstration,1,0,,,,,,,,,,0,False,False,False,v4_bigquery_plus_rawfile
USA52175,2023-02-02,2023,False,Violent demonstration,1,0,-1.3261460817637156,1.6088473119393614,2.934993393703077,4.543840705642436,22.555908625970122,0.38669266354411713,446.75,0.2582089552238806,0.7894736842105263,72,True,True,True,v4_bigquery_plus_rawfile
USA57158,2023-06-15,2023,False,Mob violence,1,0,-1.0351966873706,1.0351966873706,2.0703933747412,3.1055900621118,25.6135801724658,1.75983436853002,370.0,0.19668049792531123,0.5877525252525253,2,False,True,True,v4_bigquery_plus_rawfile
USA50457,2023-01-06,2023,False,Peaceful protest,0,0,,,,,,,,,,0,False,False,False,v4_bigquery_plus_rawfile
USA64706,2023-11-02,2023,False,Mob violence,1,0,-0.5730709100470254,2.580795691454179,3.153866601501205,5.7346622929553845,21.94685908469865,0.8900488743335472,1345.3168604651162,-1.4092758260415306,0.7214285714285714,344,True,True,True,v4_bigquery_plus_rawfile
USA65700,2023-10-12,2023,False,Mob violence,1,0,0.4592332367702718,2.9931217267022485,2.533888489931977,5.527010216634226,21.91526258351634,0.9825251361853872,912.4662034112445,0.35826479145858037,0.5211912943871707,4749,True,True,True,v4_bigquery_plus_rawfile
USA61438,2023-10-25,2023,False,Violent demonstration,1,0,-3.2359886102903084,1.8691474148549065,5.105136025145214,6.974283440000121,23.48523524813137,0.6692271394381987,702.1873851806491,-0.3880478087649402,0.4263565891472868,1633,True,True,True,v4_bigquery_plus_rawfile
USA51896,2023-01-20,2023,False,Violent demonstration,1,0,,,,,,,,-0.4693661971830986,0.5735294117647058,0,False,False,True,v4_bigquery_plus_rawfile
USA58016,2023-07-15,2023,False,Mob violence,1,0,1.209887170307705,3.167055497044935,1.95716832673723,5.124223823782165,22.7609712161009,1.40263967609028,842.5,0.6532062915910467,0.675,2,False,True,True,v4_bigquery_plus_rawfile
USA50565,2023-01-06,2023,False,Peaceful protest,0,0,,,,,,,,,,0,False,False,False,v4_bigquery_plus_rawfile
USA51365,2023-01-08,2023,False,Peaceful protest,0,0,,,,,,,,2.8535714285714286,0.6666666666666666,0,False,False,True,v4_bigquery_plus_rawfile
USA51391,2023-01-18,2023,False,Peaceful protest,0,0,-2.430826658165769,2.3186717700582262,4.749498428223995,7.068170198282222,23.11374926120426,0.8812633613198007,840.4206311822892,0.844978783592645,0.5901162790697675,4246,True,True,True,v4_bigquery_plus_rawfile
USA50597,2023-01-03,2023,False,Peaceful protest,0,0,,,,,,,,,,0,False,False,False,v4_bigquery_plus_rawfile
USA51339,2023-01-07,2023,False,Peaceful protest,0,0,,,,,,,,,,0,False,False,False,v4_bigquery_plus_rawfile
USA51477,2023-01-19,2023,False,Peaceful protest,0,0,-0.16013961762632925,2.6156055390775377,2.775745156703867,5.391350695781404,21.91168428248359,0.7238097537224398,653.0649122807017,-0.4208492220709009,0.5186813186813187,570,True,True,True,v4_bigquery_plus_rawfile
USA51295,2023-01-07,2023,False,Peaceful protest,0,0,,,,,,,,,,0,False,False,False,v4_bigquery_plus_rawfile
USA51475,2023-01-20,2023,False,Peaceful protest,0,0,-2.904892557144972,1.2033873787280065,4.10827993587298,5.311667314600988,22.04478181126761,0.9133827003009409,360.6111111111111,1.2805042016806725,0.7,18,False,True,True,v4_bigquery_plus_rawfile
USA51343,2023-01-11,2023,False,Peaceful protest,0,0,,,,,,,,-0.8999999999999999,,0,False,False,True,v4_bigquery_plus_rawfile
USA51488,2023-01-14,2023,False,Peaceful protest,0,0,-1.5161826188355174,2.8001489210825996,4.316331539918116,7.1164804610007195,21.549686793854683,0.8786579277949969,637.7425997425997,0.6345518207282913,0.5490196078431373,777,True,True,True,v4_bigquery_plus_rawfile
USA51248,2023-01-08,2023,False,Peaceful protest,0,0,,,,,,,,1.7907951211980855,0.6206896551724138,0,False,False,True,v4_bigquery_plus_rawfile
USA50617,2023-01-03,2023,False,Peaceful protest,0,0,,,,,,,,,,0,False,False,False,v4_bigquery_plus_rawfile
USA50553,2023-01-03,2023,False,Peaceful protest,0,0,,,,,,,,,,0,False,False,False,v4_bigquery_plus_rawfile
USA51299,2023-01-08,2023,False,Peaceful protest,0,0,,,,,,,,0.604225352112676,0.5098039215686274,0,False,False,True,v4_bigquery_plus_rawfile
USA50585,2023-01-04,2023,False,Peaceful protest,0,0,,,,,,,,,,0,False,False,False,v4_bigquery_plus_rawfile
USA51384,2023-01-16,2023,False,Peaceful protest,0,0,3.715704735069172,4.627809563766935,0.9121048286977613,5.5399143924646985,21.83202052280802,0.9247777117097163,1016.1666666666666,0.2706684092606422,0.5909090909090909,6,False,True,True,v4_bigquery_plus_rawfile
USA51396,2023-01-15,2023,False,Mob violence,1,0,3.37078651685393,4.26966292134831,0.898876404494382,5.1685393258427,16.4044943820225,0.449438202247191,405.0,0.24710860366713694,0.574750830564784,1,False,True,True,v4_bigquery_plus_rawfile
USA62795,2023-11-20,2023,False,Violent demonstration,1,0,,,,,,,,,,0,False,False,False,v4_bigquery_plus_rawfile
USA50465,2023-01-06,2023,False,Peaceful protest,0,0,,,,,,,,,,0,False,False,False,v4_bigquery_plus_rawfile
USA51178,2023-01-12,2023,False,Peaceful protest,0,0,-0.13945160513145272,2.809974124625559,2.9494257297570123,5.759399854382572,21.684925959194427,0.8603606594217121,1137.1026490066224,0.2703595328586691,0.48236446766819074,302,True,True,True,v4_bigquery_plus_rawfile
USA51217,2023-01-13,2023,False,Peaceful protest,0,0,-0.9350143107336056,2.748245792209047,3.6832601029426524,6.431505895151701,22.249045379024853,0.6650556179029782,711.972602739726,1.8857100415923946,0.5256410256410257,584,True,True,True,v4_bigquery_plus_rawfile
USA59541,2023-09-08,2023,False,Mob violence,1,0,-2.5923536102815827,2.50412940896111,5.096483019242694,7.600612428203794,21.59035924364583,0.6497648397401238,1040.5833333333333,-0.6353535353535354,0.5535714285714286,60,True,True,True,v4_bigquery_plus_rawfile
USA51471,2023-01-17,2023,True,Peaceful protest,0,0,-1.352884847999268,1.6645514398891192,3.0174362878883896,4.681987727777509,21.40596295801492,0.4845043827788315,545.0294117647059,0.30181304058549574,0.48241042345276874,34,True,True,True,v4_bigquery_plus_rawfile
USA58746,2023-08-12,2023,False,Mob violence,1,0,-0.24739548103929693,2.646860892238645,2.894256373277942,5.541117265516587,21.815301386783258,0.8195343947774757,973.2716535433071,0.5343283582089552,0.46116504854368934,508,True,True,True,v4_bigquery_plus_rawfile
USA51453,2023-01-16,2023,False,Peaceful protest,0,0,-0.6708975175551121,2.629387124953217,3.3002846425083288,5.929671767461545,21.89189366976536,0.9923523230855061,613.4578005115089,-1.0040495867768597,0.5977742448330684,391,True,True,True,v4_bigquery_plus_rawfile
USA51449,2023-01-20,2023,False,Peaceful protest,0,0,0.6404646938280313,2.5796163532798597,1.9391516594518285,4.518768012731687,23.234371964440808,0.6994911118294769,862.6153846153846,0.14400000000000013,0.4166666666666667,13,False,True,True,v4_bigquery_plus_rawfile
USA54245,2023-03-25,2023,False,Mob violence,1,0,,,,,,,,,,0,False,False,False,v4_bigquery_plus_rawfile
USA51448,2023-01-20,2023,False,Peaceful protest,0,0,1.0548435532248808,3.0835054302652662,2.0286618770403853,5.112167307305652,22.22397730825019,0.9918834573326601,1041.8,3.411111111111111,0.25,25,True,True,True,v4_bigquery_plus_rawfile
USA60032,2023-09-27,2023,False,Mob violence,1,0,,,,,,,,-0.557610879854275,0.5650332728372656,0,False,False,True,v4_bigquery_plus_rawfile
USA51423,2023-01-19,2023,True,Peaceful protest,0,0,1.578995209629009,3.039664548636407,1.4606693390073995,4.500333887643807,20.530175380000294,1.0657476320278039,836.0,0.1313821138211383,0.5692307692307692,20,False,True,True,v4_bigquery_plus_rawfile
USA51212,2023-01-10,2023,False,Peaceful protest,0,0,-0.45364563352147447,2.6875735645427565,3.141219198064231,5.82879276260699,19.33483180886055,0.48305596536592416,547.5,0.11134020618556706,0.8089887640449438,6,False,True,True,v4_bigquery_plus_rawfile
USA51348,2023-01-10,2023,False,Peaceful protest,0,0,1.437125748502995,3.6808735470236,2.2437477985206047,5.924621345544205,21.7318304567336,1.4541505224844447,607.5,0.6910828025477708,0.5131578947368421,2,False,True,True,v4_bigquery_plus_rawfile
USA51401,2023-01-20,2023,True,Peaceful protest,0,0,-0.3892070880452672,2.6023313388751825,2.9915384269204504,5.593869765795634,20.0915732814895,1.93425363677349,838.5,3.6820512820512823,0.7916666666666666,8,False,True,True,v4_bigquery_plus_rawfile
USA58914,2023-08-19,2023,False,Violent demonstration,1,0,,,,,,,,0.38913818022923596,0.7231638418079096,0,False,False,True,v4_bigquery_plus_rawfile
USA64331,2024-01-08,2024,False,Peaceful protest,0,0,-0.9317360268077247,2.964136821028023,3.8958728478357476,6.860009668863771,22.87364141840139,0.9618250334681278,604.6720647773279,-0.5008333333333335,0.8809523809523809,247,True,True,True,v4_bigquery_plus_rawfile
USA72336,2024-06-28,2024,False,Mob violence,1,0,1.5354964521139487,3.736260195098107,2.2007637429841576,5.937023938082266,21.366597538171856,1.0839701668676456,844.8387096774194,0.24839253865901118,0.47927382753403935,31,True,True,True,v4_bigquery_plus_rawfile
USA64119,2024-01-02,2024,False,Peaceful protest,0,0,-2.949175615674945,2.4676823732185857,5.416857988893533,7.884540362112118,22.23091311041796,0.7966570102851863,613.0,1.99494563620335,0.5806451612903226,7,False,True,True,v4_bigquery_plus_rawfile
USA64520,2024-01-13,2024,False,Peaceful protest,0,0,-0.6229145837290746,2.2424931248425257,2.8654077085716,5.107900833414125,22.164525680296254,0.7979579029340691,639.009900990099,1.0878504672897196,0.640625,303,True,True,True,v4_bigquery_plus_rawfile
USA68804,2024-04-28,2024,False,Violent demonstration,1,0,-0.8638729173193,2.965213122010868,3.8290860393301673,6.794299161341035,21.38912698498538,0.9340051713416626,703.0843601895734,-0.9698019801980198,0.5909090909090909,1055,True,True,True,v4_bigquery_plus_rawfile
USA64198,2024-01-04,2024,False,Peaceful protest,0,0,-0.6906652288006463,2.6323289893653543,3.322994218166001,5.955323207531356,21.16017079479197,0.9585545996324889,727.5555555555555,-0.19953051643192493,0.5694444444444444,225,True,True,True,v4_bigquery_plus_rawfile
USA65800,2024-02-17,2024,False,Violent demonstration,1,0,,,,,,,,,,0,False,False,False,v4_bigquery_plus_rawfile
USA64323,2024-01-08,2024,False,Peaceful protest,0,0,-0.46002604988162155,2.8103225070551265,3.270348556936748,6.0806710639918755,22.632707092913364,0.9876686963385852,860.2155172413793,-0.17884615384615377,0.7621951219512195,348,True,True,True,v4_bigquery_plus_rawfile
USA70999,2024-06-22,2024,False,Mob violence,1,0,-0.053864690810278844,1.085984971872896,1.139849662683176,2.2258346345560724,19.534786983581622,0.608916469573123,503.1666666666667,2.906159420289855,0.6,6,False,True,True,v4_bigquery_plus_rawfile
USA68902,2024-04-30,2024,False,Violent demonstration,1,0,-0.18855161845970703,2.948374598686814,3.1369262171465215,6.085300815833336,21.35337243721802,1.1766452729159902,730.0,2.335684865900383,0.5567010309278351,125,True,True,True,v4_bigquery_plus_rawfile
USA64990,2024-01-28,2024,False,Mob violence,1,0,,,,,,,,,,0,False,False,False,v4_bigquery_plus_rawfile
USA64483,2024-01-12,2024,False,Peaceful protest,0,0,,,,,,,,1.9051730449719804,0.7037037037037037,0,False,False,True,v4_bigquery_plus_rawfile
USA64411,2024-01-10,2024,False,Peaceful protest,0,0,-3.6685960422005692,1.7900073081637289,5.4586033503642994,7.248610658528027,24.314964720703557,0.7257132145865582,17654.928571428572,-0.4180697436189283,0.47344461305007585,14,False,True,True,v4_bigquery_plus_rawfile
USA75335,2024-12-21,2024,False,Mob violence,1,0,-0.8060455908940265,2.907820535411215,3.71386612630524,6.62168666171645,24.9017664721847,0.574417746411945,180301.0,-0.6718332022029898,0.5959885386819485,2,False,True,True,v4_bigquery_plus_rawfile
USA73445,2024-10-06,2024,False,Violent demonstration,1,0,0.3332596271768954,3.6938994942212506,3.3606398670443545,7.054539361265602,20.551014316781536,0.7747959112673696,572.5238095238095,1.5107142857142857,0.8181818181818182,21,False,True,True,v4_bigquery_plus_rawfile
USA64359,2024-01-08,2024,True,Peaceful protest,0,0,2.3775420850506097,3.533852833128293,1.1563107480776835,4.690163581205973,21.0996051919543,1.805924738290461,1126.0,-0.296875,0.75,3,False,True,True,v4_bigquery_plus_rawfile
USA68587,2024-05-01,2024,False,Violent demonstration,1,0,-0.29135050879968416,2.908852623254952,3.200203132054636,6.109055755309589,21.396820626057462,0.7970249781714389,714.4382978723404,0.3400586026738711,0.518840579710145,235,True,True,True,v4_bigquery_plus_rawfile
USA64533,2024-01-13,2024,False,Peaceful protest,0,0,-0.5162482677035349,2.6029448577885543,3.1191931254920884,5.722137983280642,21.481957638441134,0.9807196202595809,736.1888111888112,0.7480228550698349,0.6521739130434783,143,True,True,True,v4_bigquery_plus_rawfile
USA63450,2024-01-01,2024,False,Peaceful protest,0,0,-2.2170969489526673,2.0516033395554003,4.268700288508067,6.320303628063469,22.44469861604848,0.8022146329028395,947.4150943396227,0.9603571428571429,0.4777777777777778,53,True,True,True,v4_bigquery_plus_rawfile
USA70003,2024-05-28,2024,False,Mob violence,1,0,-1.288930933007518,2.5612839088808665,3.850214841888385,6.411498750769251,22.117851448357946,0.5787172869527872,650.0404166666667,0.29752066115702475,0.6133004926108374,2400,True,True,True,v4_bigquery_plus_rawfile
USA64335,2024-01-10,2024,False,Peaceful protest,0,0,1.7810778485713852,3.7142954374011645,1.933217588829781,5.647513026230949,20.90693028585367,0.9349692012793178,1170.3956043956043,-1.3705048076923079,0.7083333333333334,364,True,True,True,v4_bigquery_plus_rawfile
USA68314,2024-04-30,2024,False,Violent demonstration,1,0,,,,,,,,0.2877084418968213,0.6566265060240963,0,False,False,True,v4_bigquery_plus_rawfile
USA72927,2024-09-15,2024,False,Mob violence,1,0,,,,,,,,-0.8534453781512605,1.0,0,False,False,True,v4_bigquery_plus_rawfile
USA63476,2024-01-03,2024,False,Peaceful protest,0,0,1.1643349948229655,2.787428623865013,1.6230936290420468,4.410522252907058,21.76107631994093,0.932542462595623,1143.6666666666667,0.4247282608695653,0.550561797752809,6,False,True,True,v4_bigquery_plus_rawfile
USA72016,2024-08-17,2024,False,Mob violence,1,0,-3.2540645090579146,1.3741612404405041,4.6282257494984185,6.0023869899389215,21.34597553535964,0.6167312843453463,689.7089201877934,0.22565359477124192,0.46564885496183206,213,True,True,True,v4_bigquery_plus_rawfile
USA70231,2024-06-10,2024,False,Violent demonstration,1,0,,,,,,,,-0.27099540581929554,0.5698090692124105,0,False,False,True,v4_bigquery_plus_rawfile
USA64528,2024-01-15,2024,False,Peaceful protest,0,0,0.0,0.802139037433155,0.802139037433155,1.60427807486631,20.5882352941176,1.60427807486631,340.0,0.18988006617038877,0.5606060606060606,1,False,True,True,v4_bigquery_plus_rawfile
USA64358,2024-01-10,2024,False,Peaceful protest,0,0,-1.4497865686257643,2.2461440188334096,3.6959305874591744,5.942074606292586,22.895172294233323,0.61127538442812,793.1612903225806,0.4474425423528018,0.6440677966101694,186,True,True,True,v4_bigquery_plus_rawfile
USA64355,2024-01-07,2024,False,Peaceful protest,0,0,-1.549883728872187,2.29208400933546,3.8419677382076465,6.134051747543105,21.790102414776236,0.8848005472597337,613.6824146981627,0.47728158719108943,0.660377358490566,381,True,True,True,v4_bigquery_plus_rawfile
USA64478,2024-01-10,2024,False,Peaceful protest,0,0,-2.631750895234036,2.0814265758252706,4.713177471059309,6.794604046884574,20.244936885822685,0.903359864265643,503.7931034482759,-0.2393089403553792,0.5158831003811944,29,True,True,True,v4_bigquery_plus_rawfile
USA64407,2024-01-10,2024,False,Peaceful protest,0,0,1.771056413882319,4.804927479110197,3.033871065227879,7.838798544338076,21.176618487070797,0.5137295023415712,684.6744186046511,0.4345862780075824,0.5509259259259259,602,True,True,True,v4_bigquery_plus_rawfile
USA71322,2024-06-15,2024,False,Violent demonstration,1,0,-0.738501485694455,2.138845979552495,2.877347465246949,5.016193444799446,22.137134040933077,0.6116776501164541,1070.4844649021863,-0.11830871423262734,0.7012987012987013,869,True,True,True,v4_bigquery_plus_rawfile
USA71245,2024-07-14,2024,False,Violent demonstration,1,0,2.757389787131799,4.6115388816162,1.8541490944844017,6.4656879761005985,19.370056328263345,1.1134882952105911,651.2828630419821,0.4091332203748809,0.5686619718309859,1453,True,True,True,v4_bigquery_plus_rawfile
USA65686,2024-02-17,2024,False,Mob violence,1,0,,,,,,,,,,0,False,False,False,v4_bigquery_plus_rawfile
USA63674,2024-01-02,2024,False,Peaceful protest,0,0,1.388836794824027,3.0344400880746165,1.6456032932505873,4.680043381325206,24.204650026267142,0.9783971841691849,1026.1666666666667,-1.211166429587482,0.7,30,True,True,True,v4_bigquery_plus_rawfile
USA65673,2024-02-18,2024,False,Violent demonstration,1,0,3.2028001995985913,5.284730730031443,2.0819305304328535,7.366661260464304,20.913978924517565,1.1147815834273647,646.6666666666666,6.0,0.5,3,False,True,True,v4_bigquery_plus_rawfile
USA64313,2024-01-06,2024,False,Peaceful protest,0,0,3.99358332989753,6.789379272267002,2.795795942369472,9.585175214636472,23.10595956667665,1.3353837955656216,319.0,-0.6105610021786492,0.5370370370370371,4,False,True,True,v4_bigquery_plus_rawfile
USA63709,2024-01-03,2024,False,Peaceful protest,0,0,0.5559643963040428,3.1026128200388694,2.5466484237348275,5.649261243773696,22.359464398175408,1.6783179575301226,906.8181818181819,0.4901960784313725,0.5666666666666667,11,False,True,True,v4_bigquery_plus_rawfile
USA64374,2024-01-06,2024,False,Peaceful protest,0,0,,,,,,,,-1.2009154300305651,0.6238003838771593,0,False,False,True,v4_bigquery_plus_rawfile
USA68321,2024-05-03,2024,False,Violent demonstration,1,0,1.2022792957246602,3.17764414727336,1.9753648515487,5.153008998822054,22.80665510744975,0.6526659033933885,2635.5,-3.3285714285714283,1.0,2,False,True,True,v4_bigquery_plus_rawfile
USA74490,2024-10-15,2024,False,Mob violence,1,0,2.26209048361934,3.97815912636505,1.71606864274571,5.69422776911076,20.7488299531981,0.078003120124805,1185.0,0.09216216216216222,0.875,1,False,True,True,v4_bigquery_plus_rawfile
USA64480,2024-01-06,2024,True,Peaceful protest,0,0,-2.949175615674945,2.4676823732185857,5.416857988893533,7.884540362112118,22.23091311041796,0.7966570102851863,613.0,1.99494563620335,0.5806451612903226,7,False,True,True,v4_bigquery_plus_rawfile
USA69360,2024-05-09,2024,False,Violent demonstration,1,0,,,,,,,,,,0,False,False,False,v4_bigquery_plus_rawfile
USA70310,2024-06-06,2024,False,Mob violence,1,0,,,,,,,,0.14539297527169634,0.5760966875559534,0,False,False,True,v4_bigquery_plus_rawfile
USA70965,2024-06-29,2024,False,Mob violence,1,0,0.975352032077435,3.426483516154485,2.4511314840770493,5.877615000231534,22.792631651398494,0.9760278126608594,845.5705128205128,0.9544776119402985,0.5384615384615384,156,True,True,True,v4_bigquery_plus_rawfile
USA66083,2024-02-25,2024,False,Violent demonstration,1,0,0.2839509602930271,2.974931900300089,2.6909809400070612,5.665912840307152,22.423596735567376,1.0417376000178178,886.4230769230769,-0.277142857142857,0.6271186440677966,182,True,True,True,v4_bigquery_plus_rawfile
USA72082,2024-08-17,2024,False,Mob violence,1,0,,,,,,,,0.08847006651884703,0.48235942668136716,0,False,False,True,v4_bigquery_plus_rawfile
USA64486,2024-01-12,2024,False,Peaceful protest,0,0,,,,,,,,0.40081402629931123,0.5707070707070707,0,False,False,True,v4_bigquery_plus_rawfile
USA64309,2024-01-07,2024,False,Peaceful protest,0,0,-0.39726662900411164,2.5895571808030575,2.98682380980717,5.576380990610228,21.653813119923402,0.8712314849362992,1033.717485549133,-0.12059123343527,0.5619834710743802,1384,True,True,True,v4_bigquery_plus_rawfile
USA64369,2024-01-07,2024,False,Peaceful protest,0,0,-1.3567756237040067,2.6790562406715503,4.035831864375559,6.714888105047107,22.530460202130595,0.648036169287865,1605.923076923077,-1.7281943719471569,0.6542056074766355,13,False,True,True,v4_bigquery_plus_rawfile
USA75414,2025-01-06,2025,False,Peaceful protest,0,0,0.49901453891749376,2.17889783008841,1.679883291170915,3.8587811212593253,22.794135641368225,0.5120399094896787,1097.25,0.32453703703703707,0.5846774193548387,4,False,True,True,v4_bigquery_plus_rawfile
USA75786,2025-01-13,2025,False,Peaceful protest,0,0,1.1659271837265037,1.8399286456758261,0.6740014619493232,2.513930107625148,17.98823392736232,1.1201217864086073,772.0,0.1236685733001136,0.5510204081632653,5,False,True,True,v4_bigquery_plus_rawfile
USA75401,2025-01-10,2025,False,Peaceful protest,0,0,,,,,,,,0.5083458565908117,0.7090909090909091,0,False,False,True,v4_bigquery_plus_rawfile
USA83915,2025-06-10,2025,False,Violent demonstration,1,0,-1.8278809742280862,1.8581621825114196,3.6860431567395033,5.544205339250922,23.61563014233258,0.34318481191586303,616.2,0.20910325092452858,0.6276595744680851,15,False,True,True,v4_bigquery_plus_rawfile
USA75695,2025-01-03,2025,False,Peaceful protest,0,0,-0.5824500116174911,2.454345162540166,3.036795174157656,5.491140336697825,22.32821712709888,1.1755746342509235,1005.2115384615385,0.14801842200945348,0.7446808510638298,52,True,True,True,v4_bigquery_plus_rawfile
USA76659,2025-02-02,2025,False,Violent demonstration,1,0,0.25716490438356215,3.0332455572802486,2.7760806528966873,5.809326210176935,20.90003062564397,1.3116813768019633,3167.8823529411766,1.0891096196868009,0.71875,153,True,True,True,v4_bigquery_plus_rawfile
USA94952,2025-12-15,2025,False,Violent demonstration,1,0,-2.8942545178783905,2.126041603913911,5.020296121792302,7.146337725706212,20.73410813838436,0.734146011512698,703.1585820895523,0.8973431744096678,0.6359832635983264,536,True,True,True,v4_bigquery_plus_rawfile
USA75554,2025-01-07,2025,False,Peaceful protest,0,0,-1.274282346724758,2.7569692182118124,4.031251564936569,6.788220783148381,22.390479522061234,0.5295399584271095,781.3868312757202,-1.1923076923076923,0.6470588235294118,243,True,True,True,v4_bigquery_plus_rawfile
USA75501,2025-01-01,2025,False,Peaceful protest,0,0,0.5846408924617645,2.54870922270588,1.964068330244115,4.5127775529499985,24.931828850860867,1.552718057348061,1225.7014925373135,-0.5703125,0.6263157894736842,67,True,True,True,v4_bigquery_plus_rawfile
USA78089,2025-02-18,2025,False,Mob violence,1,0,-3.3267775388485616,1.0555871397121988,4.382364678560764,5.43795181827296,25.26314399009394,1.059424298616338,2156.6,0.032791647685264685,0.7,5,False,True,True,v4_bigquery_plus_rawfile
USA75810,2025-01-14,2025,True,Peaceful protest,0,0,1.41129032258065,2.82258064516129,1.41129032258065,4.23387096774194,23.1854838709677,0.806451612903226,454.0,0.3574806277308752,0.54739336492891,1,False,True,True,v4_bigquery_plus_rawfile
USA75402,2025-01-04,2025,False,Peaceful protest,0,0,,,,,,,,-0.21928934010152284,0.5462962962962963,0,False,False,True,v4_bigquery_plus_rawfile
USA75628,2025-01-08,2025,False,Peaceful protest,0,0,-2.3098826857473163,1.7357771806086217,4.045659866355939,5.781437046964561,21.672287646232483,0.6033599481371483,833.4206268958544,0.8126582278481013,0.5752351097178683,989,True,True,True,v4_bigquery_plus_rawfile
USA89633,2025-09-10,2025,False,Violent demonstration,1,0,-1.8308385737495734,2.3228006993381585,4.153639273087726,6.476439972425884,24.388038580740176,0.723624441837422,549.7297777777778,-0.12184873949579822,0.6626506024096386,1125,True,True,True,v4_bigquery_plus_rawfile
USA84187,2025-06-09,2025,False,Violent demonstration,1,0,-0.19398869167976104,2.9766595225827217,3.170648214262483,6.147307736845203,21.606881535602028,0.7753253124767614,933.4018395657419,0.4214408233276157,0.5434298440979956,6632,True,True,True,v4_bigquery_plus_rawfile
USA75339,2025-01-10,2025,False,Peaceful protest,0,0,,,,,,,,-0.37331081081081074,0.6453900709219859,0,False,False,True,v4_bigquery_plus_rawfile
USA75659,2025-01-04,2025,False,Peaceful protest,0,0,,,,,,,,-0.6343473053892217,0.47151370679380217,0,False,False,True,v4_bigquery_plus_rawfile
USA82862,2025-05-07,2025,False,Violent demonstration,1,0,,,,,,,,0.23368691738990677,0.5507791509940893,0,False,False,True,v4_bigquery_plus_rawfile
USA75798,2025-01-14,2025,False,Peaceful protest,0,0,-2.3401574748289384,1.5934936232488763,3.9336510980778145,5.5271447213266915,21.969115365505232,0.7249661414843127,722.615141955836,-1.048391830744772,0.6375838926174496,951,True,True,True,v4_bigquery_plus_rawfile
USA86407,2025-06-30,2025,False,Mob violence,1,0,,,,,,,,,,0,False,False,False,v4_bigquery_plus_rawfile
USA75655,2025-01-06,2025,False,Peaceful protest,0,0,0.8850522505166584,3.0440334427721596,2.1589811922555024,5.20301463502766,19.372425904127983,0.33345320739691614,1621.8333333333333,-1.0833333333333335,0.6666666666666666,6,False,True,True,v4_bigquery_plus_rawfile
USA79758,2025-03-28,2025,False,Violent demonstration,1,0,-1.2569998081320592,2.209565275524952,3.4665650836570117,5.676130359181964,22.072852984169643,1.045778240251304,518.6595744680851,0.7082031249999999,0.512987012987013,141,True,True,True,v4_bigquery_plus_rawfile
USA82550,2025-05-01,2025,False,Violent demonstration,1,0,0.2746925157171482,2.477219921273696,2.2025274055565482,4.6797473268302445,22.25322068024662,0.9147894755258531,755.8301886792453,-0.09337068005712468,0.4348062099663446,53,True,True,True,v4_bigquery_plus_rawfile
USA87587,2025-07-13,2025,False,Mob violence,1,0,-0.37422788725948763,2.5837976317521383,2.958025519011626,5.541823150763764,21.144474902078702,1.0405711388391037,626.2450424929178,-0.4299188913607712,0.5674603174603174,706,True,True,True,v4_bigquery_plus_rawfile
USA75782,2025-01-09,2025,False,Peaceful protest,0,0,,,,,,,,-0.2699978531558609,0.44642857142857145,0,False,False,True,v4_bigquery_plus_rawfile
USA96483,2025-12-23,2025,False,Mob violence,1,0,,,,,,,,0.4537117903930131,0.5373134328358209,0,False,False,True,v4_bigquery_plus_rawfile
USA76727,2025-02-03,2025,False,Violent demonstration,1,0,-0.17065358336547629,2.972872778026041,3.1435263613915176,6.116399139417558,21.91921932415009,0.74662585691316,778.6947040498443,0.2192062847081132,0.672,1284,True,True,True,v4_bigquery_plus_rawfile
USA83892,2025-06-10,2025,False,Violent demonstration,1,0,-1.952443817288676,2.3537988190515935,4.30624263634027,6.660041455391864,22.184076384857182,0.7702409186400618,820.5195961995249,0.2114155251141553,0.5972455492106147,5052,True,True,True,v4_bigquery_plus_rawfile
USA83944,2025-06-12,2025,False,Mob violence,1,0,-2.97770936930086,2.2943948260055693,5.272104195306431,7.566499021311998,21.909161452178115,0.5778391696320185,1077.6497939964686,-0.41618751618751615,0.5284388866478419,1699,True,True,True,v4_bigquery_plus_rawfile
USA75793,2025-01-16,2025,False,Peaceful protest,0,0,0.42657045531350174,2.729881578878342,2.30331112356484,5.0331927024431815,23.021769776563442,1.4243006230940607,2441.6039603960394,2.796342737722048,0.7758620689655172,202,True,True,True,v4_bigquery_plus_rawfile
USA75788,2025-01-15,2025,False,Peaceful protest,0,0,-2.0730633493313784,2.0255643879260754,4.098627737257455,6.124192125183532,21.494073954420706,0.5313202370106345,922.0234806629834,0.903448275862069,0.6111111111111112,724,True,True,True,v4_bigquery_plus_rawfile
USA76580,2025-02-02,2025,False,Violent demonstration,1,0,1.6324893797366915,3.621680053242,1.9891906735053022,5.6108707267473035,24.210930879190897,1.7937556096058103,710.3333333333334,0.0511747851002865,0.5123042505592841,3,False,True,True,v4_bigquery_plus_rawfile
USA75400,2025-01-07,2025,False,Peaceful protest,0,0,-1.836521780313515,2.239527162247845,4.07604894256136,6.315576104809205,21.97614963484507,0.7363448264488329,697.1981132075472,0.6629139072847683,0.6143958868894601,530,True,True,True,v4_bigquery_plus_rawfile
USA83894,2025-06-11,2025,False,Violent demonstration,1,0,-2.463032021990714,1.9649925565090314,4.428024578499746,6.393017135008777,22.615108357966538,0.6652807239934794,935.3576,0.9067834733342751,0.5638297872340425,2500,True,True,True,v4_bigquery_plus_rawfile
USA90509,2025-09-29,2025,False,Mob violence,1,0,2.068326769564307,4.1417867915396185,2.0734600219753117,6.2152468135149315,21.428498216607423,1.0366175864758223,2287.4479166666665,-0.36820178012519567,0.583011583011583,96,True,True,True,v4_bigquery_plus_rawfile
USA83899,2025-06-12,2025,False,Mob violence,1,0,-1.4641777203482342,2.292348465541446,3.7565261858896797,6.0488746514311265,21.912804348683228,0.9544432466907906,2356.8917910447763,-0.7569852941176471,0.5680473372781065,268,True,True,True,v4_bigquery_plus_rawfile
USA75826,2025-01-14,2025,False,Peaceful protest,0,0,2.879256570410482,4.122152427894268,1.2428958574837836,5.36504828537805,19.41067730383154,0.4184733457865348,729.8,0.03702460850111855,0.4805045871559633,5,False,True,True,v4_bigquery_plus_rawfile
USA84039,2025-06-10,2025,False,Violent demonstration,1,0,-0.21523485635934017,2.97880866741745,3.19404352377679,6.172852191194241,22.00526865742732,0.883099705525373,889.253793994188,0.5077417053157331,0.5214120370370371,6194,True,True,True,v4_bigquery_plus_rawfile
USA75759,2025-01-04,2025,False,Peaceful protest,0,0,-4.5877849527087005,2.84355706468996,7.43134201739865,10.274899082088625,19.691259887338298,0.099364069952305,1510.5,0.36413043478260887,0.5,2,False,True,True,v4_bigquery_plus_rawfile
USA75828,2025-01-16,2025,False,Peaceful protest,0,0,0.1660945198649263,2.4788657630962674,2.3127712432313414,4.791637006327608,21.089689153671543,1.0382699191748774,871.84765625,0.43943060498220643,0.5308464849354376,256,True,True,True,v4_bigquery_plus_rawfile
USA75539,2025-01-09,2025,False,Peaceful protest,0,0,,,,,,,,-0.0017191977077364307,0.5658153241650294,0,False,False,True,v4_bigquery_plus_rawfile
USA75406,2025-01-09,2025,False,Peaceful protest,0,0,,,,,,,,0.14230019493177382,0.5,0,False,False,True,v4_bigquery_plus_rawfile
USA88532,2025-07-20,2025,False,Mob violence,1,0,-2.5207889241867703,1.6069474315809043,4.127736355767675,5.734683787348579,22.467231013422,0.5129486071721946,769.1,-0.32195423623995056,0.49776286353467564,10,False,True,True,v4_bigquery_plus_rawfile
USA87819,2025-07-24,2025,False,Violent demonstration,1,0,,,,,,,,0.30852347851783435,0.6085225009956192,0,False,False,True,v4_bigquery_plus_rawfile
USA75343,2025-01-10,2025,False,Peaceful protest,0,0,0.3568120765468523,3.51906293783379,3.162250861286938,6.681313799120728,22.5957679305586,1.5045323519510387,1003.6,0.7856060606060608,0.7142857142857143,5,False,True,True,v4_bigquery_plus_rawfile
USA75853,2025-01-14,2025,False,Peaceful protest,0,0,,,,,,,,-0.06679423337385015,0.49810066476733145,0,False,False,True,v4_bigquery_plus_rawfile
USA75801,2025-01-14,2025,False,Peaceful protest,0,0,,,,,,,,-0.25052028338091226,0.571712158808933,0,False,False,True,v4_bigquery_plus_rawfile
USA79953,2025-03-16,2025,False,Mob violence,1,0,-2.5408857432594267,2.4148510610721168,4.9557368043315435,7.370587865403664,21.587749596453964,0.5751616232344564,1544.3333333333333,-0.37144794845710405,0.5587515299877601,3,False,True,True,v4_bigquery_plus_rawfile
USA75653,2025-01-08,2025,True,Peaceful protest,0,0,0.0046756742957892805,3.0274039100880543,3.0227282357922656,6.050132145880319,21.710178240849874,1.1418719702508695,828.3531914893617,-1.0846485600228115,0.5846153846153846,235,True,True,True,v4_bigquery_plus_rawfile
USA75797,2025-01-11,2025,False,Peaceful protest,0,0,-1.5563007450149917,2.2065425424114147,3.762843287426406,5.96938582983782,25.357452433345472,0.7213601629970406,677.5128205128206,-0.6172839506172839,0.6226415094339622,39,True,True,True,v4_bigquery_plus_rawfile
USA95192,2026-01-09,2026,False,Peaceful protest,0,0,-1.8602979885391357,2.7122275560766727,4.572525544615812,7.284753100692484,23.46646611371549,0.6347506421013824,1001.8181818181819,1.575081585081585,0.875,11,False,True,True,v4_bigquery_plus_rawfile
USA95256,2026-01-03,2026,False,Peaceful protest,0,0,,,,,,,,0.45392265860904496,0.5867861142217246,0,False,False,True,v4_bigquery_plus_rawfile
USA95502,2026-01-09,2026,False,Violent demonstration,1,0,-5.291794769581346,1.5475132526964126,6.839308022277759,8.386821274974173,21.920096213807984,0.9136802098709457,820.9882588774342,-1.310271646859083,0.5851917930419268,3492,True,True,True,v4_bigquery_plus_rawfile
USA95150,2026-01-06,2026,False,Peaceful protest,0,0,-0.501192452934879,2.754198629611422,3.2553910825463013,6.009589712157723,21.511259993539895,0.7210347478638092,786.9471014492754,-0.13491796675843787,0.4763636363636364,4140,True,True,True,v4_bigquery_plus_rawfile
USA99357,2026-03-07,2026,False,Mob violence,1,0,-2.049444276195096,2.3089672273634716,4.358411503558566,6.667378730922034,21.116834116429224,0.9223018692149046,1094.2962962962963,0.24991071942860432,0.4774524650849739,27,True,True,True,v4_bigquery_plus_rawfile
USA95176,2026-01-07,2026,False,Peaceful protest,0,0,1.271494987996518,2.826186211859837,1.5546912238633197,4.3808774357231615,19.1502145218214,0.6336121364827286,609.3832599118942,-0.5563106796116506,0.6774193548387096,227,True,True,True,v4_bigquery_plus_rawfile
USA95166,2026-01-05,2026,False,Peaceful protest,0,0,-0.15587430324623952,3.0749986589398026,3.2308729621860426,6.305871621125846,21.251710552998603,0.5228695070195672,936.7992788461538,0.8762841530054645,0.6146788990825688,832,True,True,True,v4_bigquery_plus_rawfile
USA95241,2026-01-08,2026,True,Peaceful protest,0,0,-1.0742546743593995,2.288067734861626,3.3623224092210258,5.6503901440826505,21.254914327928788,0.7468513211358486,1158.125,3.0655172413793106,0.5,16,False,True,True,v4_bigquery_plus_rawfile
USA102906,2026-04-18,2026,False,Violent demonstration,1,0,-1.064321965638588,3.90084873568195,4.96517070132054,8.866019437002473,22.097075375361875,0.7099163076467777,816.25,1.3023434343434346,0.3902439024390244,4,False,True,True,v4_bigquery_plus_rawfile
USA95165,2026-01-04,2026,False,Peaceful protest,0,0,0.9737128964112305,3.4563618241316556,2.4826489277204247,5.939010751852081,21.61310779565109,1.218772191565587,560.1860465116279,1.0045833333333336,1.0,129,True,True,True,v4_bigquery_plus_rawfile
USA95202,2026-01-03,2026,False,Peaceful protest,0,0,-0.8943829278797402,1.5362546368978949,2.4306375647776353,3.96689220167554,24.0990177417786,0.522041763341065,563.5,-1.8423076923076924,0.6578947368421053,2,False,True,True,v4_bigquery_plus_rawfile
USA95247,2026-01-08,2026,False,Peaceful protest,0,0,1.8126973208120531,3.551620787890689,1.7389234670786355,5.2905442549693245,22.91741750073561,0.7756352020937182,666.6,-1.6085418222554142,0.7974683544303798,10,False,True,True,v4_bigquery_plus_rawfile
USA99721,2026-03-13,2026,False,Mob violence,1,0,-2.5491679607210456,2.3023617085707104,4.851529669291756,7.153891377862467,22.44337085668124,0.8414065297585716,821.3177878662815,0.24497075189042658,0.45786033711730306,24230,True,True,True,v4_bigquery_plus_rawfile
USA105692,2026-07-21,2026,False,Violent demonstration,1,0,,,,,,,,-0.1532677848467322,0.4794326241134752,0,False,False,True,v4_bigquery_plus_rawfile
USA101445,2026-03-28,2026,False,Violent demonstration,1,0,,,,,,,,-0.2654702794722656,0.49032258064516127,0,False,False,True,v4_bigquery_plus_rawfile
USA95261,2026-01-03,2026,False,Peaceful protest,0,0,-0.6220216966632328,2.7437246233133012,3.3657463199765334,6.1094709432898355,21.578620707182694,0.5714959760141857,1058.286937901499,1.0467527606213738,0.6060606060606061,467,True,True,True,v4_bigquery_plus_rawfile
USA95282,2026-01-06,2026,False,Peaceful protest,0,0,,,,,,,,-0.7275200000000001,0.6504424778761062,0,False,False,True,v4_bigquery_plus_rawfile
USA98338,2026-02-08,2026,False,Mob violence,1,0,-1.5729635178976977,2.2639196223905693,3.836883140288267,6.100802762678834,21.11446556689309,0.9066267178626619,510.3,2.8386908240794857,0.4864864864864865,10,False,True,True,v4_bigquery_plus_rawfile
USA99558,2026-03-08,2026,False,Mob violence,1,0,4.63917525773196,6.70103092783505,2.06185567010309,8.76288659793814,22.1649484536082,0.257731958762887,703.0,-0.0696838458207016,0.5211864406779662,1,False,True,True,v4_bigquery_plus_rawfile
USA99723,2026-03-18,2026,False,Mob violence,1,0,-1.4842786287658973,1.1237221207513262,2.608000749517226,3.7317228702685505,23.47564317111119,2.3561139229482273,925.9,0.21111701656479764,0.6039603960396039,10,False,True,True,v4_bigquery_plus_rawfile
USA95200,2026-01-03,2026,False,Peaceful protest,0,0,-7.384690133098279,0.9424522957833834,8.327142428881663,9.269594724665046,20.645051037830054,0.4890130129296122,573.3958333333334,-2.3842948717948715,0.7878787878787878,48,True,True,True,v4_bigquery_plus_rawfile
USA95191,2026-01-09,2026,False,Peaceful protest,0,0,-0.040087598667124275,2.7843324372539215,2.8244200359210456,5.608752473174968,21.17648022928518,1.2661912560263,626.5051546391752,-1.0288461538461535,0.3888888888888889,194,True,True,True,v4_bigquery_plus_rawfile
USA95235,2026-01-08,2026,False,Peaceful protest,0,0,-0.7609278431136025,2.1220762651153886,2.883004108228991,5.00508037334438,19.639195951544412,0.40337807487564564,832.7074829931972,1.2117763157894739,0.625,147,True,True,True,v4_bigquery_plus_rawfile
USA95232,2026-01-07,2026,False,Peaceful protest,0,0,-0.4872694085645065,3.3107289417711527,3.797998350335658,7.108727292106811,21.676148029371095,0.7567568612011665,911.4095563139932,0.4858585858585858,0.5955882352941176,879,True,True,True,v4_bigquery_plus_rawfile
USA94927,2026-01-02,2026,False,Peaceful protest,0,0,,,,,,,,4.015238095238095,0.7142857142857143,0,False,False,True,v4_bigquery_plus_rawfile
USA96889,2026-01-22,2026,False,Violent demonstration,1,0,-0.3649118495432717,2.931471890049727,3.2963837395929985,6.227855629642725,21.495130817840792,0.7665002555074563,739.6401028277635,0.18746478873239436,0.5441008018327605,3112,True,True,True,v4_bigquery_plus_rawfile
USA98801,2026-02-20,2026,False,Violent demonstration,1,0,0.05594003460220875,3.2765359769475344,3.2205959423453265,6.497131919292861,22.60186448748397,1.147724869803608,715.4814814814815,0.8453120632512079,0.8041237113402062,27,True,True,True,v4_bigquery_plus_rawfile
USA106893,2026-09-08,2026,False,Mob violence,1,0,,,,,,,,-0.12115254132943168,0.5013333333333333,0,False,False,True,v4_bigquery_plus_rawfile
USA94959,2026-01-01,2026,False,Peaceful protest,0,0,-0.5259546944388769,2.695470580147577,3.2214252745864513,5.916895854734028,21.296447446262977,0.8130375205705135,1244.978494623656,0.7920155411910328,0.5919732441471572,93,True,True,True,v4_bigquery_plus_rawfile
USA95167,2026-01-03,2026,False,Peaceful protest,0,0,-1.1848333361867038,2.145890223758375,3.3307235599450697,5.476613783703457,22.560808475287875,0.13015302781906224,1114.0,-2.953333333333333,0.3333333333333333,4,False,True,True,v4_bigquery_plus_rawfile
USA95186,2026-01-08,2026,False,Peaceful protest,0,0,1.4986060856333738,3.530969627924613,2.03236354229124,5.563333170215852,24.59363127968802,1.3807757758124042,539.7352941176471,4.710457516339869,0.7692307692307693,68,True,True,True,v4_bigquery_plus_rawfile
USA105834,2026-07-28,2026,False,Mob violence,1,0,-0.09088114680979313,3.0674526212457436,3.1583337680555372,6.22578638930128,21.58653175574132,0.9910082660084244,867.4166666666666,0.548758865248227,0.48201438848920863,36,True,True,True,v4_bigquery_plus_rawfile
USA94998,2026-01-02,2026,False,Peaceful protest,0,0,-0.05600663457597887,3.2529009766321044,3.3089076112080855,6.561808587840192,20.71081900325868,0.7893752202083048,2133.235294117647,-0.6454315226266422,0.5605427974947808,17,False,True,True,v4_bigquery_plus_rawfile
USA95173,2026-01-05,2026,False,Peaceful protest,0,0,0.5977187087530828,3.2218107999587895,2.624092091205707,5.8459028911644975,22.695530222963836,0.8750624639143316,800.8692307692307,-2.1666056166056165,0.6444444444444445,130,True,True,True,v4_bigquery_plus_rawfile
USA95262,2026-01-03,2026,False,Peaceful protest,0,0,-1.0856667919575793,2.4557880916795103,3.54145488363709,5.997242975316599,21.259126635408787,0.7603228923830155,819.1276595744681,-0.08058756071235829,0.5321428571428571,235,True,True,True,v4_bigquery_plus_rawfile
USA95158,2026-01-03,2026,False,Peaceful protest,0,0,-0.7777993595461127,2.861757301276198,3.639556660822309,6.501313962098507,21.807467583662532,0.7440318144127132,1193.474358974359,1.7573770491803278,0.5161290322580645,312,True,True,True,v4_bigquery_plus_rawfile
USA95574,2026-01-06,2026,False,Violent demonstration,1,0,,,,,,,,-0.8195982970076501,0.4266553720175067,0,False,False,True,v4_bigquery_plus_rawfile
USA106826,2026-09-01,2026,False,Mob violence,1,0,,,,,,,,,,0,False,False,False,v4_bigquery_plus_rawfile
USA105099,2026-04-29,2026,False,Mob violence,1,0,,,,,,,,-0.08854685377999097,0.6006389776357828,0,False,False,True,v4_bigquery_plus_rawfile
USA95203,2026-01-03,2026,False,Peaceful protest,0,0,-0.07477527079499992,2.9570419347332657,3.0318172055282657,5.988859140261531,21.965284530451285,0.6022772885373563,694.431506849315,0.25271149674620397,0.652,292,True,True,True,v4_bigquery_plus_rawfile
USA95152,2026-01-03,2026,False,Peaceful protest,0,0,-1.1248242014037284,1.499279325927762,2.624103527331496,4.123382853259257,20.82910050836142,0.3069370763575239,591.051724137931,-0.7210051708701972,0.6063569682151589,116,True,True,True,v4_bigquery_plus_rawfile
USA98009,2026-02-13,2026,False,Violent demonstration,1,0,2.62948207171315,5.73705179282869,3.10756972111554,8.84462151394422,23.6653386454183,0.796812749003984,1163.0,-0.22427232363098176,0.5715396578538102,1,False,True,True,v4_bigquery_plus_rawfile
USA98065,2026-02-07,2026,False,Violent demonstration,1,0,,,,,,,,0.5644693541752365,0.5416666666666666,0,False,False,True,v4_bigquery_plus_rawfile
USA95178,2026-01-07,2026,True,Peaceful protest,0,0,,,,,,,,-1.4607142857142854,0.5,0,False,False,True,v4_bigquery_plus_rawfile
USA95183,2026-01-08,2026,True,Peaceful protest,0,0,-3.239328623651232,2.23572716117645,5.475055784827682,7.710782946004136,23.923689324259247,0.402259519564806,534.5294117647059,-2.2216216216216216,0.7777777777777778,17,False,True,True,v4_bigquery_plus_rawfile
USA97293,2026-01-23,2026,False,Mob violence,1,0,1.528285252272548,3.749642937596934,2.221357685324387,5.971000622921322,20.731338219075205,0.7098828278559725,914.2575,0.8261355238595637,0.6017222820236814,400,True,True,True,v4_bigquery_plus_rawfile
USA95214,2026-01-04,2026,False,Peaceful protest,0,0,-2.996516181217603,1.937878917136522,4.934395098354124,6.872274015490646,20.368125380941255,0.752915669701834,1020.1333333333333,0.9274640027264207,0.6510791366906474,15,False,True,True,v4_bigquery_plus_rawfile
USA105987,2026-08-04,2026,False,Violent demonstration,1,0,-1.343616830337382,3.4456320667164264,4.789248897053808,8.234880963770241,22.246951790369955,1.0620499576647222,996.4444444444445,2.884,0.4520547945205479,9,False,True,True,v4_bigquery_plus_rawfile
USA95193,2026-01-07,2026,True,Peaceful protest,0,0,4.97967479674797,5.58943089430894,0.609756097560976,6.19918699186992,12.8048780487805,0.203252032520325,603.0,0.2071428571428571,0.0,1,False,True,True,v4_bigquery_plus_rawfile
USA95243,2026-01-08,2026,True,Peaceful protest,0,0,2.0101726543644016,3.955296499133312,1.9451238447689103,5.900420343902224,21.971652991082298,0.9634361446099341,650.1390593047034,-0.22163833075734152,0.5552825552825553,489,True,True,True,v4_bigquery_plus_rawfile
